Land Value,Postal Code,Year,Quarter,Nature of Mutation,Residence Type,Land Area,Living Area,Number of Rooms,Number of Lots,Longitude,Latitude
800000,42000,2019,1,Sale,Apartment,300,40,2,1,114.6970588,22.64357037
700000,42001,2019,2,Sale,Apartment,400,30,2,1,114.3850365,22.07089075
617668,42012,2023,3,Before completion,Apartment,228,67,4,2,114.430147,22.48865668
727959,42008,2019,3,Sale,House,702,5,1,1,114.3855977,22.87347642
511623,42014,2019,3,Before completion,Apartment,889,25,5,2,114.6826942,22.66153376
836802,42017,2020,2,Sale,House,888,42,2,1,114.9580276,22.37074464
871410,42014,2022,4,Sale,House,779,32,1,1,114.5845182,22.15330119
541017,42015,2022,1,Sale,House,255,41,2,1,114.2858388,22.09784734
310941,42003,2019,3,Before completion,House,630,14,2,2,114.3934683,22.80815947
1048937,42002,2021,3,Sale,Apartment,597,65,2,2,114.7049508,22.9302167
1136655,42007,2019,4,Sale,House,671,20,1,1,114.0426112,22.99187943
387532,42015,2020,1,Sale,Apartment,195,51,1,1,114.9595793,22.52762467
1136087,42006,2024,4,Before completion,Apartment,249,44,5,1,114.2078529,22.72701995
610757,42004,2023,3,Before completion,House,323,24,1,1,114.9233496,22.21116847
340374,42004,2024,4,Sale,Apartment,476,41,5,1,114.8076459,22.99320437
481207,42008,2019,3,Before completion,Apartment,795,63,4,2,114.5845465,22.02303167
1131354,42004,2020,1,Before completion,House,899,25,5,2,114.5668915,22.47312712
760411,42014,2024,4,Before completion,Apartment,998,48,1,1,114.4213201,22.39631028
1031961,42016,2024,3,Sale,Apartment,628,12,3,1,114.8219759,22.29372344
482410,42015,2019,4,Sale,Apartment,972,18,4,2,114.2427504,22.02758441
801769,42019,2020,3,Sale,Apartment,138,35,5,1,114.4125792,22.87901839
595753,42008,2019,4,Before completion,Apartment,623,35,3,1,114.2977862,22.20012442
901078,42017,2023,1,Before completion,House,899,36,2,1,114.1748535,22.36049538
918714,42016,2020,3,Sale,House,843,33,5,2,114.162622,22.84655912
1123778,42003,2024,1,Before completion,House,337,20,1,2,114.0257038,22.92083758
262971,42020,2019,4,Before completion,Apartment,331,58,5,2,114.2368068,22.1046841
529151,42012,2019,4,Before completion,House,494,5,4,2,114.9038586,22.10630058
396574,42001,2023,4,Sale,Apartment,861,64,2,1,114.243857,22.6094305
1127781,42020,2024,3,Sale,Apartment,281,40,2,1,114.6814315,22.62747705
1043891,42002,2021,1,Sale,Apartment,620,4,5,1,114.2654659,22.94803943
724234,42013,2022,4,Before completion,Apartment,585,30,2,1,114.9970391,22.88971853
858088,42002,2019,1,Sale,House,982,25,5,1,114.9257181,22.45052381
296112,42005,2020,2,Sale,House,321,14,4,2,114.5432029,22.46972159
915196,42015,2023,1,Before completion,Apartment,901,40,4,1,114.725045,22.7267546
417853,42010,2023,4,Sale,Apartment,26,34,3,2,114.0145154,22.20596047
1076231,42015,2020,3,Sale,Apartment,643,66,3,2,114.9504833,22.95430479
1024319,42018,2024,3,Sale,Apartment,203,63,1,1,114.8874799,22.32449892
383476,42002,2021,2,Sale,Apartment,800,22,3,1,114.0581022,22.66388254
964338,42013,2024,4,Sale,House,678,42,4,2,114.8859273,22.88412362
620982,42001,2020,3,Sale,Apartment,379,7,4,2,114.6392852,22.7367909
207886,42009,2024,4,Before completion,Apartment,770,3,2,2,114.9106667,22.06121813
521525,42004,2022,3,Before completion,House,596,22,4,2,114.1505815,22.25687285
958091,42003,2019,2,Sale,Apartment,223,3,2,2,114.4399964,22.54521217
768887,42001,2020,3,Sale,House,750,43,1,2,114.0938008,22.00819184
1171154,42012,2019,2,Sale,House,899,56,3,1,114.1086552,22.10975913
980671,42009,2023,4,Sale,Apartment,870,1,5,1,114.9538367,22.72681503
822290,42020,2023,3,Sale,Apartment,661,68,4,2,114.2046446,22.82445941
1085774,42001,2022,3,Before completion,House,400,15,4,1,114.2055149,22.71742097
532596,42018,2022,1,Before completion,Apartment,100,47,5,2,114.1582764,22.84404784
1084416,42020,2022,3,Before completion,Apartment,235,58,3,2,114.923352,22.43935978
1054493,42011,2020,2,Before completion,Apartment,28,12,4,2,114.2769838,22.84899637
363175,42017,2019,4,Before completion,House,125,27,4,2,114.556784,22.01404332
1117641,42002,2021,1,Sale,House,832,16,4,1,114.4031923,22.33067816
1122462,42019,2019,4,Sale,House,496,18,1,2,114.3308623,22.60397817
1189150,42010,2024,1,Sale,Apartment,205,4,3,2,114.3001056,22.7059998
786931,42012,2023,3,Before completion,Apartment,193,42,3,1,114.9863763,22.35956211
667859,42007,2020,2,Sale,House,583,21,1,2,114.0776436,22.12388731
342891,42012,2024,3,Sale,Apartment,632,14,4,2,114.7636713,22.52260058
654192,42014,2020,2,Before completion,Apartment,164,5,2,2,114.0020677,22.11146984
566863,42001,2024,3,Before completion,House,92,23,2,2,114.8809579,22.10447621
299558,42004,2023,1,Before completion,Apartment,679,64,2,2,114.4458725,22.78703343
597104,42006,2022,1,Before completion,Apartment,797,18,5,1,114.3871972,22.1982719
852127,42014,2021,3,Sale,House,244,19,4,1,114.8280811,22.09676702
481743,42007,2019,2,Before completion,Apartment,97,69,5,1,114.8435633,22.70071264
1197697,42003,2021,3,Before completion,House,748,51,4,1,114.376713,22.39411903
951686,42007,2023,3,Before completion,House,96,4,5,2,114.5956699,22.86584879
1115991,42002,2021,2,Before completion,Apartment,553,37,5,2,114.2225794,22.41294121
411357,42008,2023,2,Sale,Apartment,892,55,4,1,114.4620061,22.3800722
936484,42015,2024,2,Before completion,House,18,66,1,2,114.7245902,22.94563391
391705,42005,2022,4,Before completion,House,127,54,5,1,114.7599054,22.93605645
343943,42015,2020,3,Sale,Apartment,481,21,2,1,114.9878855,22.97110228
701357,42016,2019,1,Before completion,House,358,10,4,2,114.8047592,22.74702457
613025,42007,2020,4,Sale,House,622,18,2,1,114.1413454,22.07120443
980313,42006,2020,3,Sale,House,696,65,4,1,114.6421406,22.56338133
637963,42004,2020,3,Before completion,House,112,63,1,1,114.6857323,22.85763727
376610,42002,2020,1,Sale,Apartment,955,21,4,2,114.6967961,22.9748969
770755,42003,2019,2,Sale,House,795,62,4,2,114.9539591,22.89877901
1061145,42019,2024,4,Before completion,House,276,12,2,1,114.4164569,22.95691511
347221,42012,2023,3,Before completion,House,887,22,4,2,114.717965,22.79849124
727548,42001,2022,2,Before completion,Apartment,616,70,4,2,114.6091025,22.86353322
341669,42016,2021,4,Sale,House,800,66,2,2,114.632698,22.45769711
881284,42014,2024,4,Sale,House,284,61,3,2,114.7075275,22.62853008
942181,42001,2023,1,Sale,Apartment,74,64,2,2,114.8440818,22.24442017
706739,42009,2021,1,Before completion,House,167,10,1,2,114.9637187,22.91298974
692262,42010,2021,2,Sale,Apartment,36,59,4,1,114.961171,22.73611726
984880,42008,2022,3,Sale,Apartment,393,36,1,1,114.5021662,22.39850919
741074,42016,2022,4,Sale,House,62,25,2,1,114.6028634,22.74343618
679936,42005,2024,2,Sale,House,945,67,1,1,114.2502363,22.34166647
1017487,42006,2024,1,Sale,House,682,38,2,2,114.6139655,22.25633756
913471,42011,2021,4,Sale,Apartment,28,51,5,1,114.1251584,22.34540213
536798,42004,2020,4,Sale,House,162,13,3,2,114.0351383,22.48665554
931992,42001,2019,1,Before completion,Apartment,144,2,2,2,114.3839165,22.06045053
509032,42008,2020,1,Sale,House,399,22,5,2,114.0903782,22.75296923
816824,42018,2023,4,Sale,House,65,48,2,2,114.5857035,22.57932959
1139941,42020,2019,4,Sale,House,775,64,4,1,114.2049631,22.78975194
619205,42014,2019,2,Sale,Apartment,758,8,5,2,114.0697437,22.29010372
462045,42006,2024,2,Before completion,House,777,2,3,1,114.5096565,22.09511112
1196853,42015,2023,4,Sale,Apartment,117,19,5,1,114.0152359,22.79903065
1022192,42009,2022,3,Before completion,Apartment,386,55,3,2,114.2147349,22.47173844
475365,42005,2022,4,Sale,Apartment,68,12,3,1,114.1209155,22.78131481
487725,42016,2022,3,Sale,Apartment,388,20,3,1,114.6291601,22.59046197
938450,42005,2020,2,Sale,House,302,52,3,2,114.7466378,22.06190169
251405,42006,2020,1,Before completion,House,632,2,4,1,114.3724332,22.48912942
203508,42015,2020,4,Sale,Apartment,563,21,3,2,114.2623556,22.4915202
685679,42014,2019,2,Sale,Apartment,947,66,2,1,114.7676591,22.47866088
1063595,42004,2023,3,Sale,Apartment,281,63,4,1,114.4751444,22.78397385
819804,42020,2020,3,Sale,Apartment,901,10,1,2,114.1209817,22.47548522
407307,42009,2022,2,Before completion,House,354,37,1,1,114.0004091,22.4223867
233685,42020,2024,4,Before completion,House,168,23,4,1,114.5305766,22.13599556
846663,42005,2020,4,Before completion,House,285,69,3,1,114.3951343,22.39300481
743572,42012,2020,3,Sale,Apartment,581,35,2,1,114.8625246,22.13895946
566648,42015,2019,4,Sale,Apartment,621,18,4,1,114.1503883,22.02122758
809011,42011,2023,2,Before completion,Apartment,819,29,5,2,114.8791124,22.16427306
207332,42016,2022,3,Before completion,House,138,39,5,1,114.8886317,22.68156637
1125678,42009,2020,3,Before completion,House,246,41,5,1,114.3041252,22.32021923
456687,42001,2019,2,Sale,Apartment,285,58,3,1,114.2210393,22.40532926
812206,42016,2023,4,Sale,House,1,1,5,2,114.3468465,22.27570822
262059,42017,2023,1,Sale,House,488,46,1,1,114.7173243,22.72239852
285330,42008,2020,1,Before completion,House,249,6,1,2,114.1261928,22.93276832
209860,42005,2020,3,Sale,House,57,29,5,2,114.4007254,22.94646769
342060,42019,2022,4,Before completion,Apartment,430,1,5,2,114.6518647,22.18344084
430293,42009,2019,3,Before completion,House,273,50,4,1,114.8680146,22.13573343
871875,42012,2021,3,Sale,Apartment,844,6,2,1,114.5074782,22.81521405
396735,42018,2019,1,Before completion,House,470,60,4,2,114.0396728,22.61379048
1096986,42004,2021,2,Sale,House,178,39,5,2,114.7494258,22.25347899
1068506,42010,2022,1,Before completion,Apartment,370,43,3,2,114.1774464,22.80871675
724491,42016,2022,3,Before completion,Apartment,23,14,1,2,114.5539791,22.05392484
1169457,42017,2019,1,Before completion,House,351,24,4,2,114.4716124,22.91557059
993170,42019,2020,1,Sale,House,374,58,5,1,114.1343255,22.7546397
1175315,42010,2020,2,Before completion,House,922,52,4,2,114.7236849,22.49789451
490191,42009,2020,4,Before completion,House,769,30,1,1,114.8466599,22.26997085
225136,42011,2022,2,Sale,House,656,39,4,1,114.8413665,22.33191759
506077,42017,2019,4,Sale,Apartment,921,60,4,1,114.8766855,22.33872353
433403,42010,2021,1,Before completion,House,451,38,1,1,114.5586491,22.86574437
1199542,42007,2019,1,Sale,House,700,9,5,2,114.7378294,22.48349282
863251,42019,2019,1,Before completion,House,513,2,4,2,114.534796,22.73963899
887063,42010,2024,3,Before completion,House,912,39,1,1,114.1023734,22.33505889
866930,42010,2021,1,Sale,House,168,18,5,2,114.5941309,22.20260402
222741,42009,2021,4,Before completion,House,558,63,4,1,114.8575264,22.24437671
824778,42017,2019,4,Before completion,House,407,68,5,1,114.4599295,22.35282174
217732,42006,2021,1,Sale,House,8,34,1,1,114.8200297,22.25835934
320690,42012,2020,2,Sale,Apartment,707,69,5,2,114.8736027,22.1988534
1087801,42006,2019,4,Before completion,Apartment,214,68,4,1,114.1860248,22.72419282
855801,42018,2021,3,Sale,House,829,51,5,2,114.0883149,22.01588514
719238,42018,2020,4,Sale,House,972,5,3,2,114.4737768,22.31730462
353483,42005,2021,1,Before completion,Apartment,325,10,2,2,114.4393349,22.19144751
228634,42002,2024,3,Sale,Apartment,402,9,4,2,114.6418736,22.09020384
725780,42010,2022,3,Before completion,House,169,46,1,1,114.5712674,22.66880402
787531,42004,2022,1,Sale,Apartment,188,43,5,2,114.532177,22.20466697
419085,42004,2022,2,Before completion,House,862,23,3,1,114.8082461,22.83578239
428480,42001,2024,1,Sale,House,592,37,3,1,114.8434476,22.3315095
931616,42016,2021,3,Before completion,Apartment,649,59,3,1,114.0762362,22.06884525
861556,42018,2019,3,Sale,Apartment,456,16,2,1,114.2264571,22.37253065
631747,42003,2019,3,Before completion,House,521,42,4,1,114.0703965,22.94107444
281505,42002,2019,2,Sale,House,204,38,2,1,114.9101652,22.93153596
926185,42019,2023,4,Sale,Apartment,552,53,1,1,114.5099337,22.04460445
480658,42004,2022,4,Sale,Apartment,593,14,1,1,114.0611781,22.77679766
466136,42015,2020,3,Before completion,Apartment,840,59,5,1,114.3833919,22.60627712
1060055,42019,2020,3,Before completion,House,304,20,2,1,114.4045175,22.12465944
755729,42010,2024,3,Before completion,Apartment,797,59,1,2,114.1133654,22.75000597
357068,42020,2024,2,Sale,House,13,44,5,2,114.4822891,22.99971137
769946,42020,2021,2,Before completion,Apartment,643,7,2,1,114.3405997,22.1300439
936589,42003,2023,2,Before completion,House,684,16,2,1,114.9153227,22.92306749
205188,42006,2022,2,Before completion,House,683,31,4,2,114.0689019,22.89542143
849785,42012,2024,4,Sale,Apartment,511,2,2,2,114.2130034,22.16818073
606793,42015,2023,2,Sale,House,448,45,1,2,114.7041722,22.48782476
633544,42010,2021,2,Sale,House,579,62,4,1,114.383499,22.12672123
628984,42013,2019,3,Before completion,House,742,25,5,1,114.6118012,22.93594132
670948,42003,2021,1,Sale,Apartment,98,59,2,1,114.4831271,22.92644229
551247,42010,2022,1,Before completion,Apartment,548,24,3,2,114.3280315,22.4894444
1186551,42014,2024,1,Before completion,House,55,33,2,2,114.9677133,22.59151174
322041,42008,2024,3,Before completion,Apartment,587,61,4,2,114.263239,22.14157131
236565,42004,2023,3,Sale,House,175,29,2,1,114.6641998,22.28107316
972064,42018,2022,2,Sale,Apartment,26,49,2,1,114.6756305,22.35301462
210730,42006,2022,3,Before completion,House,338,7,5,2,114.3415163,22.75536944
593659,42019,2021,2,Before completion,House,727,16,5,2,114.7372503,22.54848199
317244,42004,2022,2,Sale,Apartment,125,14,4,2,114.3593667,22.50131785
589312,42012,2021,2,Before completion,Apartment,745,66,4,2,114.121809,22.80577729
669116,42010,2023,4,Before completion,House,404,68,2,1,114.097615,22.97756173
416980,42002,2020,3,Before completion,House,66,54,5,1,114.4344287,22.34748389
536960,42011,2024,4,Before completion,Apartment,860,45,5,1,114.8270839,22.2068833
977183,42005,2021,2,Before completion,House,97,23,1,1,114.2087521,22.08707286
753161,42013,2022,3,Before completion,House,447,54,5,2,114.5266209,22.63563179
937099,42003,2022,2,Sale,House,105,2,1,1,114.0569421,22.40315006
791636,42004,2023,1,Before completion,House,138,27,1,2,114.8018129,22.90187843
600047,42010,2022,4,Before completion,House,850,19,5,1,114.7140158,22.6103747
1052477,42005,2021,2,Sale,Apartment,819,27,4,2,114.5603907,22.38223368
269773,42001,2024,3,Before completion,House,255,63,3,2,114.8651353,22.4733978
1151226,42002,2022,4,Sale,House,888,34,4,2,114.7351027,22.83982552
1070449,42016,2022,2,Sale,Apartment,543,22,1,2,114.0236533,22.88385654
1039840,42005,2020,2,Sale,Apartment,480,18,2,1,114.6123986,22.60242711
760849,42006,2021,1,Before completion,House,471,38,4,1,114.9077308,22.16213393
301830,42007,2022,3,Before completion,Apartment,75,67,3,2,114.4695642,22.31859007
1044239,42004,2020,1,Sale,House,315,61,4,1,114.2466356,22.805218
465153,42020,2021,1,Sale,Apartment,841,54,1,1,114.6302062,22.32362724
764571,42002,2024,1,Sale,House,404,12,1,1,114.7644285,22.96883526
1090187,42003,2019,1,Before completion,Apartment,388,28,2,2,114.6315116,22.43145394
1007184,42018,2023,2,Sale,House,655,37,2,1,114.9926148,22.71677466
247958,42006,2024,4,Before completion,House,469,16,5,1,114.7608346,22.09178609
601926,42010,2023,4,Sale,House,287,51,3,1,114.6136694,22.72373127
659477,42009,2019,3,Sale,Apartment,135,18,3,2,114.5663543,22.81564933
887261,42002,2024,3,Sale,House,228,22,4,1,114.7017094,22.37377106
1080556,42015,2024,2,Sale,Apartment,773,63,2,1,114.8372575,22.12905458
894592,42020,2020,1,Before completion,House,847,61,4,1,114.3259472,22.37764872
806174,42004,2024,3,Before completion,Apartment,82,19,3,2,114.5826143,22.00953251
866132,42013,2021,1,Sale,Apartment,423,29,3,1,114.1553878,22.90032689
855103,42015,2019,2,Sale,Apartment,1000,48,1,1,114.8558563,22.09594335
642341,42010,2023,1,Sale,Apartment,558,7,5,1,114.5987784,22.59449765
1083351,42011,2020,2,Before completion,Apartment,879,28,5,2,114.0204286,22.46792612
635041,42018,2022,2,Before completion,Apartment,730,35,2,1,114.001721,22.41507435
666433,42008,2023,3,Before completion,House,312,62,5,2,114.6223472,22.62360919
336959,42002,2019,4,Before completion,Apartment,196,24,3,1,114.9062741,22.9577072
839903,42009,2019,2,Before completion,Apartment,360,47,3,2,114.1137999,22.20349808
226184,42003,2020,1,Sale,Apartment,496,62,2,1,114.4723142,22.91255581
787366,42008,2021,2,Sale,Apartment,30,50,5,2,114.0270271,22.61438613
1050067,42017,2023,4,Before completion,House,255,43,3,1,114.9508681,22.78234141
819213,42020,2022,3,Before completion,Apartment,204,18,3,2,114.0790703,22.98463031
947074,42012,2020,4,Before completion,House,973,54,1,2,114.2980024,22.39279742
255229,42020,2022,3,Sale,House,280,40,2,1,114.8541009,22.43605881
913884,42003,2021,3,Before completion,House,107,66,2,1,114.5875241,22.11841815
1061984,42011,2019,4,Before completion,Apartment,902,59,2,1,114.0362931,22.62135699
343869,42005,2023,2,Before completion,House,97,1,5,1,114.2221237,22.38049001
703944,42005,2021,3,Before completion,Apartment,683,50,4,2,114.5965117,22.73678936
575981,42009,2019,4,Sale,House,559,41,4,2,114.707924,22.84333298
890890,42006,2024,3,Before completion,Apartment,338,57,1,1,114.6283365,22.89882436
626163,42012,2020,4,Sale,Apartment,360,44,2,1,114.7580885,22.20982635
700125,42009,2024,4,Sale,House,588,3,5,1,114.72131,22.11157534
909278,42004,2021,1,Before completion,House,362,37,4,1,114.281692,22.64010746
852272,42019,2019,3,Sale,Apartment,51,65,3,1,114.2642998,22.99065623
216130,42002,2021,4,Before completion,House,335,65,5,1,114.60102,22.06395293
720445,42002,2023,1,Before completion,House,67,8,4,2,114.4847167,22.23023781
486395,42014,2020,3,Sale,Apartment,127,16,2,2,114.3813974,22.61448734
710516,42017,2021,2,Before completion,Apartment,498,13,2,1,114.4368604,22.85667666
883879,42011,2022,3,Sale,Apartment,346,50,2,1,114.595976,22.23161118
837836,42016,2023,3,Sale,Apartment,310,28,2,1,114.5366873,22.06633966
227674,42001,2022,1,Sale,Apartment,603,53,5,2,114.7355025,22.21126911
510063,42018,2023,2,Before completion,Apartment,755,2,4,2,114.3291243,22.02797095
816395,42003,2024,3,Sale,Apartment,8,11,3,1,114.4727282,22.31566317
405045,42018,2022,1,Before completion,House,737,58,2,1,114.4830725,22.61221459
783000,42016,2024,4,Sale,House,740,38,2,2,114.5882663,22.56993141
918668,42014,2023,4,Before completion,House,360,40,3,1,114.2895135,22.70096329
896723,42001,2021,2,Before completion,Apartment,843,57,1,2,114.9123901,22.08135896
468086,42013,2021,2,Sale,Apartment,130,50,3,1,114.6457218,22.92496125
1005537,42004,2019,4,Before completion,Apartment,825,40,3,1,114.770786,22.04034391
866792,42010,2022,3,Before completion,Apartment,64,25,2,2,114.3989122,22.80306426
696982,42015,2022,2,Sale,House,481,70,3,2,114.0085862,22.29955759
1113552,42009,2021,2,Before completion,House,296,67,1,2,114.3548507,22.22139918
664090,42014,2021,3,Before completion,Apartment,668,31,2,1,114.4117141,22.09348256
558413,42020,2022,3,Before completion,Apartment,444,27,2,2,114.9799438,22.34658388
620355,42003,2019,1,Before completion,Apartment,250,7,4,2,114.8684843,22.17419075
1130546,42007,2021,4,Sale,Apartment,773,67,2,1,114.207848,22.9362835
411873,42003,2020,2,Before completion,Apartment,61,47,3,1,114.2958607,22.54632413
218461,42006,2022,3,Sale,Apartment,309,14,3,2,114.8091167,22.03064605
654579,42014,2024,2,Before completion,House,72,44,5,2,114.5450834,22.48436335
597450,42008,2021,2,Sale,House,762,15,3,2,114.2249996,22.25665271
758473,42017,2023,2,Sale,Apartment,58,64,4,2,114.0557712,22.38016358
688868,42014,2019,4,Sale,Apartment,299,34,3,2,114.1263792,22.15359194
712233,42015,2024,4,Before completion,Apartment,157,38,5,2,114.4321892,22.19549294
1062206,42005,2024,3,Sale,House,660,47,3,1,114.9585758,22.51987296
699528,42009,2024,3,Sale,Apartment,494,23,1,1,114.2216592,22.32642748
343846,42017,2023,1,Sale,Apartment,126,60,1,2,114.2673112,22.4710715
657938,42010,2020,4,Before completion,House,509,51,3,1,114.70824,22.14919778
1070508,42014,2022,1,Sale,Apartment,303,17,4,1,114.7419689,22.79186474
821242,42020,2019,4,Sale,House,296,43,4,2,114.4828558,22.36320663
206167,42020,2019,1,Before completion,House,465,10,4,1,114.0455774,22.03999959
322915,42017,2023,2,Before completion,House,860,15,2,1,114.6567858,22.5708186
425016,42012,2019,1,Sale,House,17,70,2,2,114.7945633,22.86219885
350784,42016,2022,1,Sale,House,55,11,4,2,114.4925576,22.23886587
588067,42018,2019,2,Sale,Apartment,128,14,2,2,114.3901872,22.62797967
250617,42016,2023,2,Sale,Apartment,75,7,1,2,114.7342663,22.30958721
494197,42001,2022,3,Before completion,House,167,62,3,2,114.3007479,22.55720441
1100670,42020,2023,4,Sale,Apartment,414,19,5,1,114.6658727,22.6256788
676529,42018,2024,4,Sale,Apartment,175,5,1,2,114.0159131,22.57069134
588222,42015,2024,1,Sale,House,393,59,4,1,114.4118806,22.77183144
664772,42006,2022,3,Before completion,House,774,15,5,1,114.4193292,22.45975326
787449,42019,2021,4,Before completion,House,241,52,2,2,114.6504481,22.64206641
1113269,42013,2024,1,Before completion,House,525,65,1,1,114.6369868,22.14577066
875277,42010,2023,3,Before completion,House,727,39,4,1,114.4339315,22.62662508
288912,42008,2023,3,Before completion,Apartment,662,54,4,2,114.6885257,22.06145174
863675,42014,2024,4,Sale,House,48,2,4,1,114.0919592,22.64807817
1022653,42014,2020,3,Before completion,Apartment,948,16,4,1,114.689311,22.83445228
315807,42018,2019,3,Before completion,House,165,35,3,2,114.4154199,22.48647908
326185,42001,2024,1,Before completion,House,364,63,4,2,114.3410244,22.21582368
1001870,42017,2023,4,Before completion,House,462,37,2,1,114.2901663,22.1994536
713117,42004,2024,1,Before completion,House,854,29,1,1,114.6333856,22.24739964
889543,42014,2021,1,Sale,Apartment,259,34,5,1,114.8245507,22.80153822
811583,42006,2020,2,Sale,Apartment,323,70,2,2,114.736463,22.71075073
625625,42011,2023,3,Sale,Apartment,377,22,2,2,114.2554536,22.02067775
500836,42017,2024,2,Before completion,House,566,6,5,2,114.1949781,22.79814561
215247,42013,2023,2,Before completion,House,741,6,1,1,114.5375188,22.24767863
501672,42003,2022,4,Before completion,House,790,19,1,2,114.6910277,22.95341866
761769,42014,2023,1,Sale,Apartment,389,59,4,1,114.7818671,22.559683
969455,42003,2021,4,Sale,House,395,6,5,2,114.7131885,22.4172578
311823,42010,2019,4,Before completion,House,485,47,1,2,114.8152061,22.08228706
1030803,42003,2022,1,Before completion,Apartment,666,10,1,2,114.2516495,22.84429596
618033,42020,2019,3,Before completion,Apartment,270,3,2,2,114.3149057,22.05399703
689379,42008,2020,2,Before completion,House,518,19,4,1,114.3984602,22.03016909
597402,42002,2022,4,Before completion,Apartment,77,21,4,1,114.9561353,22.58981375
324216,42008,2020,3,Sale,Apartment,189,4,3,1,114.3284794,22.98530304
998108,42010,2024,2,Sale,House,802,67,3,1,114.348549,22.19345599
272905,42001,2022,4,Before completion,Apartment,922,70,1,1,114.5911013,22.32299748
427104,42013,2020,3,Before completion,Apartment,351,32,3,2,114.9946674,22.39998031
795415,42002,2023,2,Sale,House,342,68,1,2,114.029209,22.86940372
786216,42008,2019,4,Sale,House,470,45,3,2,114.0816976,22.32157326
879427,42006,2022,2,Sale,House,695,9,5,1,114.7454651,22.98062114
960235,42012,2024,1,Sale,Apartment,140,28,5,2,114.2338304,22.04938687
547331,42013,2022,3,Sale,House,209,69,1,1,114.4077822,22.04936377
236763,42006,2021,2,Sale,House,550,45,3,1,114.6353369,22.8226305
315731,42007,2020,4,Sale,House,188,4,2,2,114.5070549,22.415002
886889,42014,2020,1,Before completion,House,278,38,2,1,114.4256256,22.25653303
892821,42003,2024,4,Before completion,Apartment,741,3,4,2,114.0394643,22.01999014
950406,42002,2023,3,Sale,House,930,28,5,1,114.929122,22.26547977
831817,42002,2021,2,Before completion,Apartment,638,16,2,1,114.1656344,22.60349886
634187,42004,2020,3,Before completion,Apartment,423,56,4,2,114.2510039,22.19705074
328896,42018,2019,1,Before completion,Apartment,698,50,5,1,114.2523923,22.84681327
963995,42012,2024,1,Before completion,House,695,55,5,2,114.9781597,22.16974894
227877,42019,2019,2,Sale,House,731,38,5,1,114.2769786,22.55586201
390465,42007,2022,1,Sale,Apartment,505,47,5,1,114.897912,22.60771712
1125711,42013,2020,2,Sale,Apartment,213,48,1,1,114.489973,22.25596628
488861,42012,2023,1,Sale,Apartment,931,36,2,1,114.9374065,22.48924802
691120,42014,2023,4,Sale,Apartment,301,3,1,1,114.8456362,22.91640027
302586,42017,2023,4,Sale,Apartment,535,4,5,2,114.2882087,22.59630126
1035457,42009,2022,3,Before completion,Apartment,382,2,5,1,114.202659,22.38467351
859487,42003,2021,3,Sale,House,972,34,1,1,114.1516786,22.95100278
981883,42013,2024,1,Before completion,Apartment,203,25,4,2,114.5033889,22.91162822
610688,42015,2024,2,Before completion,House,380,11,2,1,114.7712836,22.46272854
1165129,42013,2023,3,Before completion,Apartment,653,62,2,2,114.9397912,22.99476912
316831,42005,2022,2,Before completion,House,629,34,3,2,114.9306799,22.66353076
561654,42003,2019,1,Before completion,House,555,66,1,2,114.2319715,22.45014101
993150,42007,2024,1,Sale,House,883,15,3,1,114.994055,22.82919615
1188615,42013,2024,1,Sale,House,480,54,4,2,114.8584931,22.46654973
1089413,42008,2024,2,Before completion,House,934,44,4,2,114.838561,22.67177717
317562,42020,2021,4,Sale,Apartment,49,54,4,2,114.5853204,22.12795977
368068,42005,2021,4,Sale,Apartment,501,67,1,2,114.6728839,22.23714773
1042293,42017,2021,3,Before completion,Apartment,395,29,1,1,114.0295901,22.91504471
1023339,42017,2021,2,Before completion,House,529,65,2,2,114.8879456,22.28142339
492861,42017,2024,2,Before completion,Apartment,996,66,4,2,114.9335917,22.31169138
1001286,42004,2020,4,Before completion,House,734,13,4,1,114.2628778,22.78706921
220153,42005,2020,4,Sale,Apartment,206,21,1,1,114.5184019,22.31001142
865556,42018,2023,1,Sale,Apartment,430,15,4,1,114.5867589,22.21172225
562422,42004,2024,3,Sale,House,269,1,4,2,114.7368408,22.30850049
1092821,42018,2022,3,Before completion,Apartment,733,13,2,2,114.7474181,22.89367739
388289,42003,2024,2,Before completion,House,986,11,4,1,114.0305402,22.81279852
1119176,42015,2021,2,Sale,Apartment,332,64,3,2,114.2200137,22.01908029
1188895,42019,2020,2,Before completion,Apartment,431,55,1,2,114.5696089,22.07775186
813104,42009,2020,3,Sale,Apartment,79,28,1,1,114.091132,22.68616783
404045,42020,2020,2,Sale,Apartment,276,64,4,1,114.903444,22.49936843
1086463,42009,2020,4,Before completion,House,83,24,1,2,114.970857,22.32453699
919528,42017,2023,4,Sale,Apartment,730,20,3,2,114.1009074,22.8802541
422809,42003,2023,1,Sale,House,403,61,3,1,114.0303129,22.78140194
493016,42016,2020,4,Sale,Apartment,173,2,1,1,114.8410277,22.7763137
1193822,42001,2022,3,Sale,Apartment,85,17,1,2,114.2040893,22.30478768
321508,42007,2023,4,Before completion,House,763,39,1,1,114.509945,22.53814473
262806,42011,2020,1,Sale,Apartment,450,65,5,1,114.512847,22.64104072
1186003,42011,2020,1,Sale,House,56,20,5,2,114.6119611,22.83577952
372424,42004,2022,1,Sale,Apartment,908,13,4,1,114.9478998,22.10038262
840649,42005,2021,1,Before completion,Apartment,538,8,5,2,114.0686646,22.83478465
922483,42019,2021,3,Before completion,Apartment,84,7,4,1,114.6391366,22.02878599
1182650,42013,2020,1,Sale,Apartment,735,9,4,2,114.79139,22.77660005
248674,42009,2023,2,Before completion,House,802,9,4,1,114.5016872,22.86966399
268860,42013,2023,1,Sale,House,37,68,3,2,114.6535013,22.66478044
883217,42011,2023,1,Sale,House,722,39,4,1,114.7543477,22.22058561
779591,42013,2023,2,Sale,Apartment,937,44,2,2,114.0861175,22.06374669
956286,42007,2019,4,Sale,House,878,49,2,2,114.064506,22.40907908
826133,42003,2020,2,Before completion,Apartment,212,59,5,1,114.9305454,22.6959753
1000417,42016,2020,1,Before completion,Apartment,496,10,5,1,114.9800734,22.34927255
1081762,42002,2021,1,Before completion,Apartment,463,69,5,1,114.2074583,22.49500418
551953,42016,2021,1,Sale,House,698,27,3,2,114.1423188,22.86589086
424201,42013,2022,1,Sale,Apartment,436,37,1,2,114.3216947,22.81198611
252924,42012,2024,3,Sale,Apartment,191,63,1,2,114.4972297,22.46407811
254649,42002,2021,1,Before completion,Apartment,425,13,2,1,114.8662668,22.14503458
481298,42010,2021,3,Before completion,House,143,15,4,2,114.7436292,22.40245319
291520,42019,2024,4,Before completion,Apartment,665,19,2,2,114.8395604,22.88384594
597961,42008,2021,4,Sale,House,817,40,5,1,114.167512,22.31247608
333261,42015,2023,3,Sale,Apartment,861,49,1,1,114.0169661,22.39620709
426342,42007,2021,3,Before completion,Apartment,599,51,3,2,114.5976778,22.63425803
842081,42019,2024,3,Sale,Apartment,137,4,4,1,114.2719954,22.38808793
513081,42004,2022,4,Sale,House,870,34,2,2,114.6033819,22.16291713
653096,42001,2024,2,Before completion,Apartment,355,5,4,1,114.2222665,22.30114454
402786,42003,2022,3,Sale,House,555,50,4,2,114.1523318,22.6633554
492697,42020,2023,2,Sale,Apartment,725,3,4,2,114.827335,22.15231161
623542,42007,2020,2,Before completion,House,11,30,5,2,114.6712499,22.08172589
686602,42005,2020,4,Sale,Apartment,965,66,4,2,114.8559052,22.35973583
709845,42012,2023,4,Sale,House,629,3,5,1,114.2267028,22.23326217
591710,42009,2020,2,Sale,Apartment,20,42,1,2,114.8848979,22.63792461
904109,42016,2024,1,Sale,House,690,15,2,2,114.4216341,22.25403255
365082,42005,2019,4,Sale,Apartment,290,47,2,1,114.1742989,22.84405471
888218,42010,2020,1,Sale,House,751,38,5,2,114.533926,22.00142724
576429,42020,2021,4,Sale,House,263,50,5,1,114.9638124,22.95991266
353314,42017,2021,3,Sale,Apartment,864,1,2,1,114.8216221,22.07003883
413804,42011,2024,1,Before completion,House,564,18,5,1,114.5544065,22.56071088
1137990,42010,2020,1,Before completion,House,615,27,1,1,114.5488118,22.29614199
966710,42020,2022,4,Sale,House,109,45,5,2,114.3953685,22.81621023
451917,42007,2021,4,Before completion,House,671,18,1,1,114.5729073,22.71112197
1016494,42003,2023,4,Sale,House,975,50,3,2,114.1344956,22.9357137
915080,42018,2022,2,Before completion,Apartment,860,27,3,2,114.5576448,22.88848449
1182329,42009,2019,4,Before completion,Apartment,165,16,3,1,114.3617501,22.79491923
679784,42007,2019,1,Sale,Apartment,252,6,2,1,114.1443253,22.45106611
374203,42003,2022,2,Before completion,House,217,38,4,1,114.0680738,22.67739147
449095,42007,2023,1,Sale,House,204,53,4,2,114.1439029,22.79622446
1011882,42014,2020,2,Before completion,House,14,63,4,1,114.3497405,22.51592342
565989,42006,2024,3,Sale,Apartment,577,50,1,2,114.6345947,22.02315632
905259,42014,2022,1,Sale,House,282,61,4,1,114.3225341,22.79155359
583147,42015,2021,2,Before completion,Apartment,590,48,3,2,114.1939949,22.89330938
343334,42008,2022,2,Sale,House,966,47,4,1,114.9123262,22.57105282
298430,42016,2019,4,Before completion,Apartment,130,63,3,1,114.4459426,22.84929455
264027,42012,2024,1,Before completion,Apartment,421,47,2,1,114.377021,22.47923204
807455,42007,2019,4,Sale,Apartment,112,35,3,2,114.4873403,22.4671717
339547,42017,2022,3,Before completion,House,230,49,5,1,114.9229946,22.2261418
625148,42016,2022,2,Sale,House,900,38,5,1,114.1953668,22.81203332
651189,42014,2019,3,Before completion,House,9,17,4,1,114.8617839,22.52550265
1099141,42013,2021,2,Sale,Apartment,649,53,3,2,114.8252816,22.87067545
760985,42015,2023,2,Sale,House,952,31,1,2,114.4899785,22.01402425
758392,42017,2022,1,Before completion,Apartment,78,12,4,2,114.1258511,22.90636432
909757,42005,2019,3,Sale,House,641,3,4,1,114.8249104,22.85602584
1177801,42018,2021,3,Before completion,House,984,4,1,2,114.0039579,22.43919672
726303,42006,2023,2,Before completion,House,29,66,4,1,114.8374155,22.59785549
1160216,42008,2024,2,Sale,Apartment,603,23,5,1,114.0539699,22.95761995
829394,42020,2024,4,Before completion,Apartment,932,53,2,1,114.2562127,22.36664596
1013725,42003,2022,3,Sale,Apartment,235,11,4,1,114.5709231,22.11515606
1110608,42002,2022,1,Before completion,Apartment,97,32,4,1,114.7435588,22.49285501
443615,42009,2020,3,Before completion,Apartment,766,51,4,1,114.5557779,22.21348134
225969,42016,2020,2,Sale,House,128,2,1,2,114.9269362,22.62021259
535578,42006,2021,1,Sale,House,443,61,4,1,114.1643349,22.51396688
434236,42012,2023,4,Sale,Apartment,430,69,5,2,114.3369259,22.70176956
818821,42005,2023,3,Sale,Apartment,302,30,2,2,114.7517558,22.41442088
1152408,42015,2020,1,Sale,House,432,54,3,1,114.6007926,22.84217518
710399,42016,2023,2,Sale,House,576,53,1,2,114.6235064,22.33797808
485943,42007,2022,2,Before completion,Apartment,913,11,2,1,114.9659701,22.68609738
593178,42004,2023,3,Before completion,Apartment,558,18,3,2,114.1176389,22.56854705
638530,42010,2020,3,Sale,Apartment,581,57,5,1,114.1548773,22.41058887
751550,42017,2019,1,Before completion,House,528,29,4,2,114.8845047,22.31174475
958202,42002,2022,1,Before completion,House,488,8,3,2,114.8682762,22.75147047
464093,42012,2019,3,Before completion,House,455,45,1,1,114.3270543,22.63929137
687654,42002,2023,1,Before completion,House,214,11,3,1,114.2119161,22.33710796
243091,42010,2023,3,Sale,House,349,23,3,1,114.3765208,22.81840891
896163,42010,2024,3,Sale,House,92,3,5,2,114.9730808,22.65519518
1022512,42004,2020,1,Sale,House,552,13,5,1,114.5043751,22.82064663
909462,42008,2023,3,Before completion,House,471,45,1,1,114.0159932,22.15396033
455061,42014,2024,4,Sale,Apartment,520,13,5,2,114.207424,22.61076663
507547,42003,2019,1,Sale,House,17,46,3,2,114.1454417,22.97409044
1007943,42009,2022,2,Sale,Apartment,798,53,4,1,114.0709634,22.87942132
766025,42014,2022,3,Sale,House,922,35,2,2,114.269797,22.56276223
582346,42012,2022,2,Sale,House,39,19,3,2,114.4999967,22.89785059
395706,42002,2022,4,Sale,Apartment,121,32,2,2,114.3952579,22.6580018
808795,42013,2019,1,Sale,Apartment,263,47,4,1,114.9975598,22.97232275
373048,42013,2019,4,Sale,House,812,18,4,1,114.1316133,22.71680001
278523,42006,2021,1,Before completion,House,618,46,1,1,114.7021616,22.41031781
253941,42004,2023,1,Sale,Apartment,439,58,2,1,114.7598941,22.87606079
1093625,42006,2023,4,Before completion,House,446,24,1,2,114.8143939,22.95198397
240342,42016,2021,3,Before completion,House,170,49,2,1,114.4152786,22.27031696
1148000,42003,2024,4,Before completion,Apartment,528,51,5,1,114.5517275,22.39785548
1001914,42003,2022,3,Before completion,Apartment,250,51,3,2,114.2325098,22.00173522
274205,42014,2020,3,Sale,Apartment,404,69,2,1,114.1820429,22.46146547
222142,42009,2021,4,Before completion,Apartment,525,28,2,2,114.5766961,22.2537254
1050023,42017,2021,4,Sale,House,840,54,2,1,114.3227759,22.10385228
236448,42003,2021,3,Before completion,House,902,62,2,2,114.9466634,22.91877068
453214,42011,2020,4,Before completion,Apartment,812,70,1,2,114.1214645,22.56571451
395970,42019,2020,3,Sale,House,434,5,2,2,114.5317397,22.96849994
714423,42015,2019,2,Sale,Apartment,774,35,3,1,114.6158087,22.38429294
1066721,42010,2021,4,Sale,House,852,64,4,1,114.7526345,22.27338718
773579,42003,2019,1,Before completion,House,193,30,4,1,114.1741893,22.42758507
225210,42015,2023,1,Before completion,House,141,66,5,2,114.8974204,22.07384098
1105264,42005,2021,4,Sale,House,855,52,4,1,114.2201383,22.17863537
236331,42005,2023,2,Before completion,House,139,46,5,1,114.7081938,22.53905284
232393,42001,2019,4,Before completion,Apartment,561,44,3,1,114.5854125,22.01919083
763621,42009,2022,1,Sale,House,150,33,3,2,114.9148216,22.2788009
408171,42004,2023,2,Before completion,Apartment,512,24,2,1,114.9736938,22.63310142
599999,42009,2021,1,Before completion,Apartment,966,10,5,1,114.8387611,22.9034052
668972,42005,2023,2,Sale,House,10,19,3,2,114.9962708,22.21693212
636229,42017,2021,2,Before completion,Apartment,400,20,1,1,114.9928767,22.44282259
612056,42008,2019,2,Sale,House,872,3,1,2,114.3455891,22.28836723
322816,42020,2021,4,Before completion,House,268,53,3,1,114.7050864,22.96396454
582917,42014,2022,3,Sale,Apartment,717,66,3,1,114.049343,22.63673251
280098,42019,2021,1,Before completion,Apartment,216,33,2,2,114.4467915,22.77155001
547427,42013,2022,4,Sale,House,580,3,2,2,114.3031849,22.02527001
850676,42017,2019,1,Sale,House,398,56,5,1,114.2505674,22.08924833
293296,42011,2023,1,Before completion,Apartment,489,35,1,2,114.4482552,22.19682559
1132667,42017,2021,4,Before completion,House,350,9,2,1,114.2220988,22.36251451
1176233,42014,2021,4,Sale,House,371,31,4,1,114.5766478,22.54941817
478874,42016,2019,1,Sale,Apartment,367,27,3,2,114.944053,22.49616684
400102,42006,2022,2,Before completion,Apartment,111,25,1,1,114.5084498,22.25991003
537439,42014,2021,2,Sale,House,507,67,5,1,114.8034906,22.5654125
917015,42020,2019,4,Before completion,House,867,9,4,1,114.3825388,22.03615377
207274,42010,2021,2,Sale,House,761,60,5,2,114.7242085,22.14625949
387613,42002,2019,1,Before completion,House,661,63,3,2,114.9080823,22.62888546
536091,42001,2020,2,Before completion,Apartment,519,11,3,1,114.0710794,22.20792384
675253,42009,2021,1,Sale,Apartment,799,50,5,1,114.5056545,22.69430645
279300,42020,2021,1,Before completion,Apartment,161,36,1,1,114.9462037,22.67632278
1161509,42020,2023,2,Before completion,Apartment,978,15,1,2,114.5027493,22.96429755
926352,42013,2024,2,Before completion,Apartment,287,53,5,1,114.6662605,22.87020061
813399,42013,2023,3,Before completion,House,448,47,1,2,114.4698627,22.8886299
574135,42013,2023,1,Sale,Apartment,458,24,4,1,114.4609181,22.32733961
1142063,42017,2022,2,Before completion,Apartment,366,67,3,2,114.2531019,22.42382729
1112391,42019,2022,2,Sale,Apartment,382,33,4,1,114.2415392,22.31573112
669763,42006,2024,1,Sale,House,638,18,4,2,114.5750265,22.49981766
1115683,42018,2022,4,Sale,House,384,47,4,2,114.3658769,22.17106795
517867,42015,2019,4,Before completion,Apartment,78,20,2,2,114.4193221,22.30780083
318871,42007,2023,1,Before completion,Apartment,19,9,3,1,114.1368132,22.42815132
262035,42001,2023,4,Sale,House,593,43,3,2,114.5200379,22.43071578
373647,42016,2021,2,Before completion,House,59,6,1,2,114.9733176,22.57822592
204434,42003,2021,1,Before completion,Apartment,816,54,5,1,114.2258041,22.48451174
1034206,42002,2020,2,Before completion,House,583,18,3,2,114.5659224,22.834596
652244,42001,2019,3,Sale,House,531,26,5,2,114.2248923,22.81339654
988074,42011,2023,1,Sale,House,429,22,1,1,114.4861904,22.01770113
1059738,42015,2022,1,Before completion,House,347,66,2,2,114.6049168,22.67833043
1079875,42017,2021,1,Sale,Apartment,664,50,2,2,114.5320778,22.70736703
552148,42002,2019,1,Before completion,Apartment,780,12,2,1,114.5249937,22.53131311
505722,42018,2023,1,Before completion,Apartment,682,50,4,1,114.7254313,22.06280688
454577,42005,2022,4,Before completion,Apartment,644,64,5,1,114.9663156,22.85223427
1042186,42006,2024,1,Before completion,Apartment,115,14,4,1,114.2287599,22.39569998
846789,42002,2022,4,Before completion,House,238,15,2,2,114.2467689,22.64760945
521109,42014,2020,2,Before completion,House,120,61,5,1,114.3027377,22.76400389
402874,42013,2020,4,Sale,House,809,65,1,2,114.440994,22.63432972
537810,42011,2020,4,Sale,Apartment,253,46,1,2,114.6216163,22.51866219
592449,42009,2022,4,Before completion,Apartment,759,66,1,2,114.8048697,22.45982574
1188338,42007,2020,3,Sale,Apartment,750,40,3,1,114.9052938,22.64068466
813824,42011,2022,3,Sale,Apartment,54,34,3,2,114.5621025,22.38658765
855932,42008,2024,1,Sale,House,200,14,3,2,114.7514857,22.92210446
912145,42017,2022,4,Before completion,Apartment,866,19,5,1,114.0792637,22.92784155
670054,42007,2021,4,Sale,House,481,47,3,2,114.7744775,22.12900736
600885,42012,2024,3,Before completion,Apartment,682,43,3,1,114.4890389,22.42537206
528089,42017,2024,3,Before completion,Apartment,953,13,5,2,114.1679893,22.69537361
888585,42016,2023,3,Sale,House,900,37,2,2,114.966921,22.81008597
377052,42016,2020,1,Before completion,Apartment,225,15,2,2,114.5531923,22.58600772
1029470,42005,2024,1,Sale,House,529,44,3,2,114.9510498,22.81435577
1141357,42020,2023,4,Before completion,House,749,49,5,1,114.9264606,22.40668133
522691,42010,2020,2,Sale,Apartment,317,3,3,2,114.2644776,22.24694252
952469,42019,2023,1,Before completion,Apartment,364,62,2,1,114.8183029,22.69562856
979979,42006,2019,1,Sale,Apartment,682,25,3,1,114.5205204,22.43515672
1199748,42004,2019,2,Sale,House,552,17,1,1,114.0037904,22.16047351
998716,42017,2022,1,Sale,House,25,18,4,1,114.7830166,22.42410047
628047,42010,2022,4,Sale,House,396,11,1,1,114.0300379,22.50555718
350529,42003,2023,2,Sale,House,632,41,4,2,114.3311788,22.98496883
1148918,42006,2020,3,Before completion,House,849,7,1,1,114.0058885,22.81770282
738038,42016,2021,2,Before completion,Apartment,401,59,2,1,114.6097291,22.61640771
769987,42017,2021,4,Before completion,House,998,57,3,1,114.1027774,22.65316702
1031718,42009,2022,3,Sale,House,740,4,2,1,114.6564762,22.07134585
854585,42020,2021,1,Sale,House,51,35,1,2,114.9045276,22.23282291
911620,42006,2020,2,Sale,Apartment,877,49,5,2,114.4434629,22.90533979
881248,42013,2023,3,Before completion,Apartment,785,42,4,1,114.7418484,22.61209048
1027419,42011,2022,4,Before completion,House,83,55,2,1,114.6431199,22.06429904
1016772,42012,2024,1,Before completion,Apartment,465,32,4,2,114.5571602,22.55568755
1105805,42010,2019,1,Before completion,House,978,5,1,1,114.2399847,22.09567055
268088,42001,2022,4,Sale,Apartment,292,18,3,1,114.2647184,22.69139403
1018459,42020,2020,3,Before completion,House,32,52,3,1,114.152686,22.82457914
1003663,42006,2024,2,Sale,House,791,14,3,1,114.8070681,22.17495714
721309,42013,2022,3,Sale,Apartment,33,38,2,1,114.9269154,22.44444551
276771,42016,2019,4,Sale,Apartment,295,30,1,1,114.2590195,22.14337078
888526,42008,2023,4,Sale,Apartment,154,23,1,1,114.0845711,22.41344742
930672,42016,2022,1,Sale,House,555,7,2,1,114.8610822,22.96047507
844412,42004,2024,3,Sale,Apartment,834,56,2,2,114.9450707,22.07969583
752674,42001,2023,4,Sale,House,810,2,2,1,114.6035917,22.16442908
1131270,42013,2021,3,Sale,Apartment,765,53,1,1,114.2435061,22.2981997
419664,42006,2020,1,Before completion,House,191,47,5,2,114.3532183,22.7914854
493924,42012,2022,3,Before completion,House,697,62,1,1,114.9696586,22.73652551
405583,42008,2023,2,Before completion,House,524,56,4,2,114.2746488,22.22146485
349464,42006,2024,3,Sale,House,91,53,1,2,114.1734591,22.00989451
940271,42006,2019,2,Sale,House,954,45,4,2,114.9321366,22.57946693
1007979,42015,2021,1,Before completion,House,222,21,2,1,114.7648052,22.44048513
573125,42015,2020,4,Sale,House,709,10,1,1,114.3421546,22.58898419
468695,42015,2023,2,Sale,House,711,59,4,1,114.4082153,22.83801429
603279,42005,2024,2,Before completion,Apartment,285,53,3,1,114.286702,22.15491545
1121888,42004,2020,4,Before completion,House,547,55,2,2,114.6864325,22.20706808
424814,42014,2021,2,Sale,House,220,27,1,2,114.0068482,22.82509003
715788,42011,2020,4,Sale,House,652,13,1,1,114.5200845,22.95991973
1100759,42005,2024,4,Before completion,Apartment,947,56,3,2,114.4538406,22.05161058
204491,42002,2022,3,Before completion,House,615,38,3,1,114.4083739,22.47717503
1075484,42006,2021,2,Sale,Apartment,860,35,5,2,114.1652381,22.52301729
643424,42014,2022,4,Sale,House,429,39,4,1,114.9195856,22.14767147
1043205,42008,2021,3,Sale,Apartment,185,62,5,2,114.6875789,22.42812698
224191,42007,2019,4,Before completion,Apartment,287,32,1,2,114.0966638,22.49084678
891634,42020,2024,3,Sale,Apartment,793,30,3,2,114.0518105,22.71248363
525613,42014,2019,2,Before completion,House,120,22,4,1,114.5533867,22.44200168
1115908,42017,2020,4,Sale,House,467,5,4,2,114.946543,22.03526294
653749,42008,2022,4,Sale,Apartment,509,42,1,2,114.3943708,22.00351025
663576,42018,2023,1,Sale,Apartment,494,41,3,2,114.7870668,22.75712301
357862,42001,2023,4,Sale,House,382,11,4,2,114.1875407,22.63405929
815935,42018,2022,4,Before completion,House,992,7,4,1,114.9683135,22.41428327
266942,42008,2020,2,Sale,House,761,38,2,1,114.3805545,22.74616081
960139,42017,2024,4,Sale,Apartment,724,66,1,1,114.800224,22.42729466
317091,42007,2019,4,Before completion,Apartment,674,42,4,1,114.4139152,22.32286858
358834,42012,2023,4,Sale,Apartment,925,63,3,2,114.8777794,22.29625487
314840,42008,2020,2,Sale,Apartment,671,24,3,1,114.5125282,22.16354652
343504,42008,2022,2,Before completion,Apartment,355,2,2,2,114.1202986,22.49550484
421155,42012,2023,2,Sale,House,590,5,4,2,114.7002451,22.45860381
778282,42010,2022,2,Before completion,House,566,53,1,1,114.4720503,22.03197927
966524,42019,2019,2,Before completion,House,457,17,4,2,114.0729171,22.22182437
932506,42004,2021,3,Before completion,House,390,5,2,1,114.9823003,22.13392672
271607,42005,2023,4,Sale,House,74,39,1,1,114.0024445,22.97324962
265513,42011,2019,4,Sale,House,707,62,3,1,114.6100463,22.98161931
1021178,42006,2020,2,Sale,Apartment,615,7,1,2,114.160096,22.33006329
276196,42008,2019,2,Sale,House,181,38,1,1,114.3796535,22.46330557
429261,42014,2022,3,Sale,Apartment,857,27,3,2,114.4745277,22.9701977
425894,42010,2024,3,Before completion,House,315,69,5,2,114.7634556,22.62935779
958152,42004,2019,1,Sale,Apartment,649,19,3,2,114.6031686,22.83486936
311569,42004,2023,2,Before completion,House,400,11,4,1,114.9422899,22.99611531
1065475,42015,2024,1,Before completion,Apartment,668,59,3,2,114.9759005,22.36539298
564852,42006,2019,3,Sale,House,137,11,4,2,114.1799417,22.07375688
684078,42018,2020,4,Sale,House,846,63,2,1,114.204096,22.06316098
437923,42007,2024,4,Sale,House,7,22,1,1,114.5854108,22.18050802
949288,42019,2023,2,Before completion,House,380,46,5,2,114.0579873,22.89144995
628124,42019,2022,2,Before completion,House,342,42,4,2,114.8401722,22.93007362
213963,42008,2021,1,Before completion,Apartment,449,22,3,1,114.9211881,22.33727854
791581,42001,2022,4,Sale,Apartment,403,8,4,1,114.3847814,22.59479186
501360,42006,2024,4,Before completion,House,504,57,3,2,114.2932956,22.56813373
910472,42012,2023,1,Sale,House,268,18,5,1,114.5919097,22.21451569
978948,42002,2024,1,Before completion,House,757,12,4,1,114.9987214,22.94795714
844622,42008,2024,1,Before completion,Apartment,52,57,2,2,114.2063106,22.7261501
1052674,42001,2020,4,Before completion,Apartment,495,7,4,1,114.4997553,22.56418693
212824,42016,2019,2,Before completion,House,25,9,2,2,114.8995908,22.93017285
307334,42014,2024,4,Sale,Apartment,752,24,4,1,114.2883506,22.66179568
921344,42007,2019,3,Sale,Apartment,96,66,1,2,114.4872361,22.90710536
727145,42015,2021,2,Sale,House,909,23,4,1,114.1169829,22.43068077
637014,42008,2022,3,Before completion,Apartment,101,50,2,2,114.5277508,22.45043595
643060,42018,2021,2,Before completion,House,700,11,3,1,114.0194567,22.76614133
984379,42020,2020,3,Before completion,House,373,23,2,1,114.7760412,22.83496827
582281,42009,2020,4,Before completion,Apartment,689,30,3,2,114.9617385,22.50290896
1097240,42005,2021,4,Sale,Apartment,287,21,1,1,114.4474197,22.16649574
556889,42001,2020,2,Before completion,Apartment,214,39,5,1,114.8047331,22.09931833
464943,42004,2024,3,Before completion,House,905,29,5,2,114.0146919,22.02230304
401749,42001,2022,3,Sale,Apartment,604,21,1,2,114.0130532,22.16129035
730976,42008,2023,4,Sale,Apartment,754,47,1,1,114.0573199,22.21482143
381337,42019,2020,1,Before completion,House,700,64,5,2,114.72411,22.9702886
1106396,42020,2020,1,Before completion,Apartment,361,18,3,2,114.1280836,22.66607836
234402,42005,2022,3,Sale,House,57,53,2,2,114.0851317,22.21156537
860073,42017,2020,2,Sale,House,910,30,2,1,114.8779584,22.32607004
421391,42010,2024,4,Sale,Apartment,829,44,3,1,114.2043247,22.35556194
712915,42009,2023,4,Sale,House,991,16,5,1,114.4716049,22.06318814
499890,42007,2022,2,Before completion,House,220,63,2,1,114.7642975,22.21423034
520604,42005,2023,4,Sale,House,21,42,2,1,114.9414735,22.59564428
991844,42018,2024,1,Sale,House,777,8,4,1,114.3441514,22.92323893
512822,42006,2020,4,Sale,House,122,29,3,1,114.922276,22.43225384
262635,42010,2024,2,Sale,House,464,57,3,2,114.7941708,22.79858281
426565,42012,2024,2,Before completion,House,660,50,2,2,114.0334506,22.04402818
980584,42002,2024,1,Sale,Apartment,299,8,2,1,114.5244804,22.71589258
206941,42009,2024,2,Before completion,Apartment,955,53,5,2,114.3023247,22.99254745
223207,42005,2019,3,Sale,Apartment,550,8,4,1,114.2080055,22.24859736
547023,42003,2022,4,Sale,House,38,25,5,1,114.1724924,22.08734052
357904,42018,2024,2,Sale,House,99,26,2,1,114.0824853,22.97961389
456092,42003,2020,2,Before completion,House,392,47,4,2,114.7524566,22.83660975
926444,42009,2019,4,Before completion,Apartment,49,41,1,1,114.6744048,22.04040311
511631,42008,2022,3,Sale,Apartment,615,32,3,1,114.2906644,22.34184385
1056443,42009,2020,1,Before completion,House,520,17,2,1,114.235257,22.05604384
780913,42020,2020,4,Before completion,Apartment,37,6,2,1,114.4737403,22.13292486
1022537,42018,2019,1,Before completion,Apartment,412,13,5,1,114.5512566,22.94309544
903030,42002,2024,1,Before completion,House,181,68,3,2,114.787391,22.33276061
825592,42008,2020,2,Before completion,House,574,28,4,2,114.8568864,22.28259732
333588,42014,2023,1,Sale,House,70,52,1,1,114.0193711,22.63354107
432146,42001,2022,1,Sale,House,374,22,1,1,114.5872587,22.55142217
339145,42010,2020,1,Before completion,Apartment,784,44,1,2,114.0029875,22.20736965
667593,42016,2022,2,Sale,Apartment,467,3,5,1,114.2484793,22.75231892
697802,42017,2021,2,Before completion,House,455,8,5,1,114.3087126,22.69181257
410521,42014,2022,3,Before completion,Apartment,369,7,3,2,114.6217531,22.51036324
1141513,42015,2022,1,Before completion,Apartment,369,3,4,2,114.4333652,22.62328743
662684,42013,2022,1,Before completion,House,82,11,2,1,114.3307882,22.13457206
465761,42018,2021,1,Before completion,House,303,33,1,1,114.3916444,22.4371455
236726,42008,2022,1,Before completion,Apartment,646,63,1,2,114.9058434,22.71543136
1137191,42014,2023,1,Before completion,House,247,50,5,2,114.847872,22.17280618
1168733,42010,2024,3,Sale,Apartment,53,56,1,1,114.7189416,22.92097762
952745,42017,2023,3,Sale,House,438,36,5,2,114.4657982,22.76342433
338006,42011,2024,2,Before completion,House,304,19,4,1,114.7153453,22.04330743
695880,42011,2024,3,Before completion,Apartment,21,9,2,1,114.8001614,22.30519837
243152,42014,2022,4,Sale,Apartment,759,19,4,2,114.0500457,22.469474
760385,42004,2022,4,Before completion,House,771,7,2,1,114.8568139,22.60804648
688073,42015,2020,1,Before completion,House,639,21,2,1,114.881378,22.25817624
597103,42005,2023,1,Before completion,House,967,48,1,2,114.0564616,22.30511465
656644,42006,2020,2,Sale,Apartment,362,43,1,2,114.8456644,22.82399794
1040039,42010,2023,1,Before completion,House,999,60,2,2,114.670358,22.89201022
1077798,42003,2019,4,Before completion,Apartment,897,10,5,2,114.646246,22.10509707
1071268,42016,2020,1,Sale,Apartment,171,27,1,2,114.5263623,22.49972576
925349,42015,2024,4,Sale,House,472,5,3,2,114.4441532,22.89549928
1046701,42011,2023,1,Before completion,House,733,63,4,1,114.0987645,22.02160905
1184556,42017,2020,2,Before completion,Apartment,228,30,4,1,114.3913544,22.35717074
812716,42018,2023,3,Before completion,House,971,10,1,1,114.9709327,22.48476333
915854,42012,2023,3,Before completion,Apartment,233,47,1,1,114.5549687,22.84013253
366084,42017,2021,1,Before completion,House,843,22,3,2,114.2018599,22.47219826
997025,42002,2021,3,Sale,Apartment,53,2,4,1,114.3231672,22.74994388
535010,42002,2019,2,Before completion,Apartment,310,65,2,2,114.3700992,22.26354679
1193639,42013,2022,1,Before completion,House,852,7,2,2,114.7166223,22.84252804
525492,42009,2020,3,Sale,House,70,68,4,2,114.4922716,22.37124437
383939,42009,2024,1,Sale,House,20,4,3,2,114.4805177,22.94814246
720030,42001,2019,1,Before completion,Apartment,204,66,4,1,114.2199538,22.74426231
298909,42011,2020,2,Sale,Apartment,925,17,2,2,114.3674221,22.27546673
426311,42002,2022,2,Sale,House,420,3,3,2,114.5279205,22.72739817
679636,42020,2022,1,Sale,House,76,2,4,1,114.8263806,22.42009739
433816,42007,2021,3,Sale,Apartment,743,60,1,1,114.6291653,22.80970223
1029430,42001,2019,2,Before completion,Apartment,123,25,5,1,114.2589902,22.15819809
861657,42018,2020,4,Before completion,Apartment,652,14,1,2,114.8748841,22.69341907
226449,42003,2021,3,Sale,House,337,8,1,1,114.2997868,22.90340123
217923,42001,2024,1,Sale,Apartment,660,48,5,2,114.4939307,22.52067725
864923,42009,2019,1,Sale,Apartment,71,1,2,1,114.2649376,22.83618322
226210,42005,2019,4,Sale,House,265,23,1,1,114.0021583,22.16512149
617532,42005,2021,4,Sale,Apartment,341,51,5,2,114.7598212,22.55858554
836404,42001,2019,3,Before completion,Apartment,560,28,4,1,114.4679919,22.98428816
632635,42016,2024,1,Before completion,Apartment,995,3,4,2,114.7757614,22.87724708
219951,42013,2019,4,Before completion,Apartment,188,25,2,1,114.1550821,22.67599086
1168736,42018,2020,2,Sale,House,949,12,2,2,114.9382613,22.2550336
274965,42017,2023,3,Sale,House,845,36,4,1,114.7225979,22.70953208
275690,42015,2020,1,Sale,Apartment,378,11,3,2,114.9876474,22.41907805
243289,42014,2021,4,Before completion,Apartment,232,66,4,1,114.7174681,22.55082842
687705,42018,2022,2,Before completion,House,222,27,1,1,114.9399764,22.08906578
450980,42002,2019,1,Sale,House,981,18,1,1,114.4992111,22.81530179
295621,42014,2020,1,Sale,Apartment,490,33,5,1,114.5123512,22.7572765
1111512,42014,2019,1,Sale,Apartment,47,47,5,1,114.4075213,22.09468973
913518,42003,2019,1,Before completion,House,536,58,5,1,114.2544267,22.90988934
911136,42011,2021,1,Sale,Apartment,120,54,1,1,114.4223407,22.25882389
482724,42007,2024,2,Sale,Apartment,495,64,2,2,114.7106401,22.32039209
1094847,42012,2020,3,Sale,House,477,24,1,1,114.9401243,22.52162983
905296,42008,2023,4,Sale,Apartment,12,16,1,2,114.6236315,22.72516924
555073,42011,2022,2,Sale,Apartment,67,45,2,1,114.7061054,22.02385172
612548,42009,2020,2,Sale,Apartment,520,31,3,2,114.1804883,22.10953632
779124,42019,2024,2,Before completion,Apartment,904,53,1,2,114.396885,22.80700908
673248,42016,2019,4,Before completion,Apartment,695,14,1,1,114.1996567,22.78617673
457338,42007,2020,2,Sale,Apartment,342,3,4,1,114.1806684,22.77433249
1015623,42008,2023,3,Before completion,House,268,41,5,2,114.1195474,22.48443969
294519,42014,2022,2,Sale,House,439,21,3,1,114.6117061,22.2822592
560912,42003,2019,2,Before completion,Apartment,770,48,3,1,114.4457002,22.24314824
1037052,42015,2019,3,Before completion,House,722,54,2,2,114.8196663,22.10680858
578082,42003,2023,4,Before completion,House,707,22,4,1,114.6384477,22.07238239
230736,42007,2022,4,Sale,Apartment,452,41,4,1,114.4584002,22.35737143
867635,42018,2019,4,Before completion,Apartment,570,35,4,2,114.0508663,22.30445182
635417,42017,2023,1,Before completion,Apartment,116,11,4,2,114.3015233,22.25180859
1072400,42010,2019,3,Before completion,Apartment,378,67,4,2,114.5742183,22.90883128
648940,42015,2019,1,Before completion,House,629,57,1,2,114.8914541,22.95702783
548086,42006,2023,2,Sale,Apartment,151,2,5,1,114.847881,22.24779079
237778,42014,2020,3,Before completion,House,228,7,5,2,114.4884517,22.24554042
325948,42012,2024,3,Sale,Apartment,998,34,4,1,114.3171363,22.76181449
1039408,42005,2020,4,Before completion,Apartment,242,34,2,1,114.6825304,22.0416677
742227,42013,2022,3,Before completion,House,69,55,3,1,114.6431639,22.33459599
652490,42014,2020,2,Before completion,Apartment,656,15,3,1,114.9371907,22.87272312
1145771,42004,2022,4,Before completion,House,438,9,3,2,114.2850983,22.06491258
384401,42009,2023,3,Before completion,Apartment,593,28,4,1,114.2647473,22.62935968
395040,42001,2021,4,Before completion,Apartment,632,23,2,2,114.2047203,22.98770214
850181,42008,2021,4,Sale,House,755,43,4,2,114.8309375,22.6866755
540769,42005,2024,4,Before completion,House,709,57,1,2,114.8191219,22.61849499
1083212,42006,2022,2,Sale,Apartment,425,12,3,2,114.1739795,22.3332525
383808,42020,2020,1,Sale,House,530,30,5,1,114.924506,22.1419913
519881,42014,2020,3,Sale,Apartment,722,15,3,2,114.152925,22.40899464
377206,42014,2024,2,Before completion,House,16,44,3,1,114.4537077,22.17987445
718219,42001,2024,4,Sale,Apartment,3,51,5,2,114.7990773,22.14168918
582259,42005,2024,1,Before completion,Apartment,78,16,5,2,114.0821703,22.5152559
1109199,42015,2020,3,Sale,Apartment,712,60,3,2,114.0728023,22.59528387
580211,42015,2021,3,Before completion,House,998,6,5,1,114.8547226,22.48270707
1135650,42013,2020,2,Before completion,House,661,8,3,1,114.8957933,22.33299172
527403,42005,2021,2,Before completion,House,241,23,2,2,114.4156278,22.02516778
377152,42011,2024,2,Sale,House,883,10,1,1,114.7889977,22.6439517
481336,42020,2022,2,Before completion,House,477,52,3,1,114.5307434,22.00107877
819036,42004,2019,4,Sale,Apartment,633,53,3,1,114.8764869,22.50122964
391301,42014,2020,3,Before completion,House,829,20,1,1,114.4512408,22.9077215
400616,42019,2023,2,Sale,House,274,55,5,2,114.0597296,22.62518375
1088730,42012,2019,1,Sale,Apartment,984,32,2,2,114.4829887,22.39468397
1091106,42002,2022,4,Sale,House,838,46,5,2,114.1378312,22.00615083
1164976,42015,2019,4,Sale,Apartment,797,68,4,2,114.4035506,22.35287907
1148208,42007,2019,1,Sale,House,931,18,2,2,114.7928984,22.06376741
411325,42004,2021,2,Before completion,House,68,18,3,1,114.7915333,22.64152815
671482,42020,2023,4,Sale,House,711,12,3,1,114.53459,22.84001403
1188035,42008,2023,4,Sale,House,6,44,1,1,114.3208067,22.46243028
537324,42019,2022,1,Sale,Apartment,680,12,1,1,114.3170396,22.38185356
665759,42017,2022,2,Before completion,House,143,24,1,1,114.92949,22.12416297
1132319,42016,2020,4,Before completion,House,661,28,4,2,114.3721581,22.43119287
713202,42002,2019,1,Sale,House,963,21,5,2,114.5845675,22.80690342
212947,42009,2021,3,Sale,House,37,45,4,2,114.8022144,22.94552216
515866,42014,2022,1,Before completion,Apartment,520,26,5,2,114.0677641,22.90385668
850117,42016,2022,1,Before completion,Apartment,34,4,1,1,114.8729587,22.62141933
238617,42016,2022,3,Sale,Apartment,502,42,5,1,114.5860176,22.15364011
1034776,42001,2023,2,Sale,Apartment,211,15,2,1,114.5591762,22.62235361
1179644,42020,2022,4,Sale,Apartment,177,40,4,1,114.2565812,22.46678164
603713,42009,2022,1,Before completion,House,292,33,5,2,114.8048606,22.0618154
892148,42019,2021,4,Before completion,Apartment,559,58,4,1,114.3932349,22.21034908
889054,42006,2023,4,Sale,House,996,50,2,2,114.07533,22.06896089
537486,42017,2020,2,Before completion,Apartment,249,29,5,2,114.6957637,22.39721176
298832,42005,2021,4,Before completion,House,667,12,3,2,114.95896,22.6390545
601295,42010,2021,4,Sale,Apartment,490,6,3,2,114.557786,22.70163008
816536,42003,2022,1,Before completion,Apartment,372,21,4,2,114.6210291,22.43100081
1109980,42017,2019,3,Sale,Apartment,830,46,2,1,114.5143246,22.67202508
597667,42006,2020,1,Before completion,Apartment,830,39,4,1,114.5041205,22.33427835
245401,42009,2021,1,Sale,Apartment,40,5,1,2,114.4259381,22.64638992
768104,42006,2023,4,Before completion,Apartment,867,64,3,2,114.4706842,22.68753892
1153806,42016,2024,1,Sale,House,871,26,1,2,114.1907847,22.38873071
747019,42006,2019,1,Before completion,Apartment,134,33,3,2,114.0664558,22.62522209
1027760,42007,2021,1,Before completion,Apartment,446,39,5,2,114.5266037,22.39722276
311120,42011,2020,1,Sale,House,248,37,3,1,114.2539259,22.80193414
784232,42018,2021,1,Sale,House,674,25,5,2,114.240218,22.30413954
820055,42019,2023,3,Before completion,Apartment,218,26,1,2,114.6336655,22.28357504
809347,42008,2024,4,Sale,Apartment,483,52,5,1,114.3096676,22.60390342
1009113,42006,2020,1,Sale,House,489,49,5,2,114.5700111,22.65922712
301988,42015,2024,2,Sale,House,270,66,4,2,114.3943055,22.46755013
493519,42011,2024,1,Before completion,House,779,4,4,1,114.3182503,22.68138506
203375,42005,2022,1,Sale,Apartment,228,50,5,1,114.1542802,22.05460581
420509,42006,2022,3,Sale,House,883,55,2,2,114.17791,22.55063703
615676,42016,2024,2,Before completion,House,539,21,2,1,114.7819715,22.41254261
339546,42003,2022,2,Sale,Apartment,983,66,2,1,114.0557262,22.57284417
1188509,42001,2022,4,Before completion,House,651,40,5,1,114.8339392,22.03348428
672273,42020,2021,4,Sale,Apartment,231,14,5,2,114.5168899,22.06242438
393650,42019,2023,4,Sale,Apartment,817,14,2,1,114.31389,22.44588885
348241,42019,2022,2,Before completion,Apartment,194,14,4,1,114.425752,22.27148252
1162863,42008,2021,3,Sale,House,276,8,2,2,114.9798915,22.32178463
874430,42017,2020,4,Sale,Apartment,821,51,2,1,114.4603534,22.91636484
850130,42012,2024,1,Sale,Apartment,271,8,1,2,114.8071788,22.44899884
642852,42011,2020,3,Sale,Apartment,202,59,4,1,114.1632333,22.03033414
219342,42015,2019,1,Before completion,Apartment,606,32,1,1,114.1459254,22.24183696
912249,42015,2021,1,Before completion,Apartment,115,12,3,2,114.8201944,22.78276936
996480,42014,2021,2,Before completion,House,206,31,5,2,114.4946895,22.06416512
389361,42013,2023,1,Before completion,House,381,27,5,1,114.4769884,22.84764652
679101,42011,2021,2,Before completion,Apartment,204,48,2,2,114.1954,22.94145497
657750,42001,2022,1,Sale,House,47,67,1,2,114.5258521,22.05445433
319356,42010,2023,2,Before completion,Apartment,364,3,4,2,114.4806474,22.16731844
521398,42007,2022,2,Before completion,Apartment,667,34,3,2,114.6558515,22.51042001
1136747,42003,2024,1,Before completion,House,275,27,2,2,114.4423765,22.5948465
307436,42017,2019,2,Before completion,House,606,69,4,1,114.5505437,22.54989418
762618,42019,2023,3,Before completion,Apartment,254,15,3,1,114.0981013,22.23979046
320044,42015,2023,3,Sale,House,310,33,5,2,114.084548,22.08854851
431596,42004,2019,3,Sale,Apartment,237,53,4,2,114.0185553,22.12040546
809978,42011,2024,3,Sale,Apartment,540,24,3,2,114.9564153,22.44244431
687650,42016,2022,3,Sale,House,175,33,3,1,114.0236289,22.49589881
1167022,42012,2024,4,Sale,Apartment,290,66,4,1,114.7504829,22.90831649
1148666,42007,2021,3,Sale,Apartment,756,29,4,2,114.0526058,22.46724574
933170,42009,2020,4,Sale,Apartment,191,45,2,1,114.9426977,22.49682605
303457,42019,2024,3,Sale,House,824,67,3,2,114.0108338,22.51934319
333580,42015,2022,4,Before completion,Apartment,218,63,2,2,114.9158871,22.42965284
400339,42011,2023,4,Sale,Apartment,381,17,4,1,114.7144033,22.09062816
750736,42008,2024,2,Before completion,House,663,5,3,2,114.1194226,22.25216341
377087,42017,2023,1,Before completion,Apartment,180,65,3,1,114.3097568,22.48035204
749320,42001,2024,2,Sale,Apartment,12,22,2,2,114.2630791,22.32074466
701212,42011,2019,2,Before completion,Apartment,40,30,5,2,114.3812341,22.82956644
1071088,42015,2022,2,Before completion,Apartment,982,64,4,2,114.1032569,22.68371235
446156,42007,2023,3,Before completion,Apartment,453,66,4,1,114.5866489,22.18740946
640844,42008,2023,1,Before completion,House,107,15,2,2,114.2281872,22.07645544
874370,42011,2023,2,Before completion,Apartment,71,8,2,2,114.3619878,22.05195862
241649,42003,2021,2,Before completion,Apartment,910,17,3,1,114.040226,22.69064528
1133570,42009,2021,1,Sale,Apartment,340,32,1,2,114.2526293,22.73684466
500218,42001,2024,3,Sale,House,720,27,4,2,114.8854876,22.39364731
935682,42002,2020,2,Sale,Apartment,107,8,5,1,114.1283747,22.41116047
845608,42004,2019,3,Before completion,Apartment,366,16,2,1,114.9364637,22.2554463
355381,42018,2021,1,Before completion,House,441,70,2,1,114.8127581,22.85198025
696925,42003,2022,4,Before completion,Apartment,621,23,2,2,114.531166,22.32247293
583218,42019,2021,2,Sale,House,673,62,1,2,114.0095582,22.65300428
761476,42016,2019,4,Before completion,Apartment,28,11,4,1,114.0294921,22.11166426
300836,42018,2022,3,Before completion,Apartment,625,65,5,1,114.5853513,22.77059681
943124,42017,2019,4,Before completion,House,670,15,5,1,114.1565959,22.60218126
403564,42019,2019,2,Before completion,Apartment,42,49,2,1,114.4821539,22.7010911
515668,42004,2022,1,Sale,Apartment,957,66,5,1,114.618993,22.28143655
707580,42003,2023,2,Before completion,House,442,50,3,1,114.8221509,22.0209411
682823,42001,2021,2,Before completion,House,617,69,2,2,114.6491762,22.93570979
232195,42002,2019,1,Before completion,Apartment,882,3,5,2,114.5176811,22.1421072
1035543,42014,2024,3,Before completion,House,195,32,4,1,114.0695167,22.82222883
990374,42002,2023,1,Sale,House,119,12,3,2,114.8754102,22.64175352
682261,42006,2024,4,Sale,Apartment,813,18,5,1,114.7259823,22.17116939
688623,42011,2020,4,Sale,Apartment,925,4,4,1,114.4906639,22.54516055
555516,42008,2021,3,Before completion,House,730,21,2,2,114.6785093,22.6944398
694587,42007,2021,1,Before completion,House,719,5,3,2,114.5758934,22.64356012
370946,42004,2021,2,Sale,Apartment,463,34,5,2,114.6403741,22.81638811
1091365,42004,2021,1,Sale,Apartment,784,48,1,2,114.6460665,22.58755054
744219,42020,2020,2,Before completion,Apartment,111,35,2,1,114.1584449,22.15142304
1150935,42003,2024,4,Sale,Apartment,288,62,5,2,114.609364,22.99585688
1128608,42001,2024,1,Sale,House,219,15,3,1,114.9416213,22.16059091
407343,42005,2021,4,Before completion,Apartment,441,22,1,2,114.7365148,22.5602896
1108262,42012,2019,4,Before completion,Apartment,932,9,1,1,114.1523416,22.2743943
510640,42004,2023,2,Before completion,Apartment,558,61,5,2,114.839134,22.58218404
846611,42001,2024,2,Before completion,Apartment,810,29,2,1,114.1305716,22.98531715
1037588,42003,2023,4,Before completion,Apartment,14,63,3,1,114.3032438,22.607758
944526,42014,2020,1,Before completion,Apartment,899,65,5,1,114.0854204,22.46233166
492521,42007,2022,2,Before completion,House,83,38,2,1,114.8045067,22.29005488
553407,42015,2024,4,Before completion,House,795,8,5,1,114.8761252,22.04810387
851242,42019,2019,1,Sale,House,811,4,1,2,114.6582948,22.67065585
629194,42006,2021,1,Before completion,House,860,42,4,2,114.8825194,22.36463799
1113079,42002,2019,1,Before completion,Apartment,569,43,4,1,114.0280981,22.29874861
1114639,42018,2019,2,Sale,House,129,44,4,2,114.3426662,22.33337481
851331,42002,2019,1,Before completion,Apartment,365,12,2,1,114.8061449,22.37816475
202440,42002,2021,1,Sale,House,485,46,3,1,114.4456936,22.4336375
584183,42002,2019,1,Sale,House,330,14,2,2,114.2926218,22.44190531
1128033,42001,2020,2,Before completion,Apartment,334,8,1,2,114.8202984,22.65430463
972150,42018,2022,4,Before completion,House,805,36,4,2,114.909273,22.92578837
953011,42020,2022,2,Before completion,Apartment,994,7,1,1,114.3923271,22.06368864
453212,42017,2021,3,Before completion,Apartment,801,12,1,1,114.413823,22.83859151
270818,42006,2021,4,Before completion,House,11,30,3,2,114.0798835,22.42459567
1019822,42013,2021,3,Sale,House,309,52,4,2,114.6012659,22.29353744
850072,42007,2019,1,Before completion,House,575,55,2,1,114.9102229,22.90421578
653019,42008,2023,1,Before completion,Apartment,7,17,4,1,114.5594117,22.92018151
1088741,42018,2022,3,Sale,Apartment,722,16,2,2,114.6704779,22.20090633
865673,42014,2022,3,Before completion,Apartment,117,27,1,2,114.4293946,22.69862571
588267,42010,2023,1,Sale,House,406,38,2,2,114.2645857,22.71119706
825206,42004,2022,4,Sale,House,30,7,2,1,114.0447208,22.42098974
279714,42017,2019,2,Sale,Apartment,401,19,1,2,114.5479269,22.7478015
1026283,42014,2024,4,Before completion,Apartment,716,62,1,1,114.2863353,22.31403409
666121,42016,2024,3,Before completion,Apartment,709,38,3,2,114.5810555,22.55854545
491024,42007,2021,3,Sale,Apartment,248,28,1,1,114.9376492,22.95652693
775740,42016,2019,2,Sale,House,42,7,2,1,114.6810693,22.34111695
338011,42009,2020,2,Before completion,Apartment,750,54,4,2,114.0821606,22.30576903
775488,42018,2020,1,Before completion,House,36,31,4,2,114.7231714,22.44458435
1117591,42003,2022,1,Sale,House,492,8,1,1,114.3492951,22.10966115
1158756,42017,2019,4,Before completion,House,993,20,1,1,114.0947945,22.7840882
426303,42012,2021,1,Before completion,Apartment,203,37,3,1,114.317471,22.30467914
1077102,42015,2023,3,Before completion,House,348,50,2,1,114.2609407,22.75332231
588772,42012,2021,4,Before completion,House,556,53,2,2,114.6606293,22.72918419
665836,42015,2024,3,Sale,Apartment,256,21,2,1,114.602345,22.49419815
724117,42005,2023,2,Before completion,Apartment,762,55,3,1,114.5453136,22.47003203
494772,42008,2024,1,Sale,House,987,22,4,2,114.0483868,22.51456663
537453,42014,2019,4,Before completion,Apartment,513,14,2,1,114.4435367,22.756882
876165,42011,2023,1,Sale,House,924,52,3,2,114.0679687,22.70891856
726790,42017,2019,3,Sale,House,742,35,2,1,114.4795872,22.15994544
817113,42013,2022,1,Sale,House,47,55,5,2,114.5597069,22.09472656
961001,42020,2021,2,Sale,House,701,64,2,1,114.9203832,22.17877949
220458,42009,2021,1,Before completion,Apartment,855,14,4,2,114.5288842,22.22310588
961411,42001,2020,4,Sale,Apartment,10,39,5,1,114.4704461,22.6707173
605025,42019,2021,2,Before completion,House,736,42,2,2,114.1161791,22.92509505
572256,42002,2023,1,Sale,Apartment,88,23,2,1,114.9030003,22.37101787
447774,42017,2022,2,Sale,House,183,61,1,2,114.0507441,22.79491403
426582,42007,2021,1,Before completion,Apartment,22,37,4,1,114.1031362,22.60529342
655705,42006,2019,1,Before completion,House,322,33,2,2,114.6508303,22.84211139
457333,42013,2020,3,Sale,House,876,57,1,1,114.9354926,22.47145393
493876,42020,2023,3,Before completion,House,209,4,2,2,114.8702971,22.08682965
848931,42012,2020,2,Before completion,House,388,41,1,1,114.6998466,22.24220643
791432,42019,2020,1,Before completion,House,378,39,4,2,114.5811657,22.21542961
1076541,42018,2019,1,Sale,Apartment,856,66,2,1,114.9110783,22.02109145
265778,42010,2020,2,Sale,Apartment,202,23,3,2,114.8106432,22.85331685
732162,42002,2021,4,Sale,Apartment,638,16,1,1,114.2057402,22.32950816
737771,42009,2023,3,Sale,Apartment,249,14,1,2,114.7281323,22.76192798
517369,42020,2020,4,Before completion,House,303,4,2,1,114.0158831,22.90086167
401062,42009,2023,4,Before completion,House,501,37,5,2,114.600597,22.18374403
522123,42004,2024,2,Before completion,Apartment,927,9,1,2,114.8939822,22.81794286
815840,42001,2019,3,Sale,Apartment,751,37,4,2,114.1947221,22.16287965
472953,42018,2019,4,Sale,House,665,42,4,2,114.0822796,22.39437088
1180621,42016,2022,2,Sale,Apartment,570,10,4,1,114.2343362,22.43314109
1065996,42006,2023,4,Before completion,Apartment,265,46,4,2,114.7563894,22.20233421
531800,42014,2024,1,Before completion,House,814,3,4,2,114.152987,22.19768488
956783,42001,2020,4,Before completion,Apartment,770,70,5,1,114.6154045,22.50626385
978560,42015,2024,3,Sale,House,393,6,1,2,114.0500482,22.26818018
660769,42018,2023,3,Sale,Apartment,274,5,3,2,114.2004971,22.10436809
350228,42011,2022,2,Before completion,House,165,55,4,1,114.3021398,22.94362693
610706,42008,2023,2,Before completion,House,733,36,5,1,114.5920594,22.73637562
522899,42004,2020,4,Sale,House,631,59,4,1,114.3963006,22.39678705
964055,42020,2023,2,Before completion,Apartment,39,58,1,1,114.3304572,22.57258996
1186459,42014,2023,2,Sale,House,957,45,4,2,114.819926,22.94933631
212618,42013,2022,4,Sale,House,435,65,3,2,114.6648874,22.76732192
1093963,42012,2021,2,Sale,House,937,57,5,2,114.2822008,22.63048378
260805,42017,2019,4,Sale,House,32,36,3,1,114.9652942,22.91273381
371401,42012,2021,2,Before completion,Apartment,776,8,5,1,114.5861341,22.44769261
720414,42003,2020,2,Sale,Apartment,673,44,5,1,114.6420894,22.87500643
1181083,42016,2019,4,Sale,Apartment,215,37,5,2,114.6722756,22.80370071
1038951,42007,2021,4,Before completion,Apartment,362,59,5,2,114.8727434,22.46114342
1038753,42015,2020,3,Sale,Apartment,540,20,2,1,114.4959041,22.27421912
1106390,42007,2019,3,Before completion,Apartment,678,48,4,2,114.7893603,22.58513988
394174,42005,2020,2,Before completion,Apartment,681,7,4,2,114.3440715,22.01601973
243123,42014,2023,3,Before completion,House,608,45,5,2,114.9490979,22.87515497
830521,42020,2022,1,Sale,House,608,65,4,2,114.7407731,22.30912882
704677,42012,2022,3,Sale,House,98,52,3,1,114.3700162,22.25041888
225880,42012,2020,1,Sale,Apartment,646,34,4,2,114.0620923,22.31822445
1195494,42017,2020,3,Sale,Apartment,715,36,3,1,114.1282481,22.02981194
471992,42013,2024,4,Before completion,House,953,54,1,2,114.7693166,22.64619416
688700,42019,2023,1,Sale,Apartment,346,6,1,2,114.6449348,22.13501341
1145282,42007,2019,4,Sale,Apartment,534,70,4,1,114.8055166,22.21034191
525359,42018,2023,2,Sale,House,882,22,3,1,114.3986406,22.00769043
740941,42004,2019,3,Sale,Apartment,566,22,1,1,114.0453539,22.38808084
335667,42006,2024,3,Before completion,House,702,24,1,1,114.9413507,22.18609645
241238,42003,2023,4,Sale,House,604,47,3,2,114.2179419,22.60257133
383059,42019,2023,2,Sale,House,138,58,2,1,114.512636,22.84126558
769797,42019,2020,4,Sale,House,262,7,1,2,114.8618742,22.41228614
314771,42016,2023,2,Sale,House,777,21,5,1,114.3973855,22.58707842
616040,42014,2024,4,Sale,Apartment,60,52,5,1,114.2993447,22.09577505
895176,42012,2021,1,Sale,House,810,35,5,1,114.1144269,22.68790433
1170321,42004,2024,3,Before completion,Apartment,160,54,4,2,114.2117144,22.98696206
1075772,42003,2023,4,Sale,House,617,4,4,1,114.1105798,22.23050861
1120176,42016,2020,4,Before completion,Apartment,879,51,5,1,114.5131093,22.51024983
1073236,42001,2022,3,Sale,Apartment,274,28,4,1,114.1852943,22.8484783
1123534,42002,2021,3,Sale,House,997,8,5,1,114.6114483,22.90616289
885193,42018,2023,4,Before completion,House,442,9,1,1,114.5328264,22.31478298
740088,42003,2019,3,Sale,Apartment,785,32,2,1,114.1096079,22.38623872
687297,42016,2020,2,Before completion,House,464,19,1,1,114.4765558,22.3328157
991554,42004,2020,3,Sale,Apartment,700,13,4,1,114.8672198,22.720025
937411,42018,2022,3,Before completion,Apartment,406,45,2,2,114.03884,22.35186328
417859,42014,2022,1,Before completion,Apartment,513,49,1,2,114.2844602,22.17372465
1036589,42015,2020,4,Sale,Apartment,837,59,5,1,114.3946836,22.38432146
1001877,42015,2021,3,Sale,House,181,28,1,2,114.5277909,22.91705222
940656,42001,2021,3,Before completion,House,305,1,4,2,114.5221242,22.31318098
908586,42017,2024,3,Sale,Apartment,416,35,3,2,114.3830408,22.87524578
869463,42006,2022,3,Sale,Apartment,328,54,3,1,114.3063565,22.51242104
613511,42006,2024,2,Before completion,House,841,63,4,2,114.9182216,22.41749332
597812,42011,2020,3,Sale,Apartment,850,46,4,2,114.0302498,22.47362745
940247,42009,2019,2,Sale,Apartment,535,26,2,1,114.7264856,22.01561211
277176,42007,2023,4,Sale,Apartment,767,14,5,1,114.027169,22.63128222
1103134,42004,2021,4,Before completion,Apartment,605,38,4,2,114.1859268,22.58754067
584042,42020,2022,3,Before completion,House,635,40,3,2,114.9164911,22.68200211
287200,42008,2019,1,Before completion,Apartment,548,8,5,2,114.1845559,22.41252048
701688,42003,2019,3,Sale,House,371,53,1,1,114.9261563,22.59986007
420405,42007,2023,4,Before completion,Apartment,687,27,1,1,114.6462387,22.28632847
631246,42007,2023,1,Sale,Apartment,543,61,1,1,114.9282476,22.61870091
527881,42005,2024,2,Before completion,Apartment,613,42,3,2,114.9039113,22.21458972
774821,42004,2022,1,Sale,Apartment,752,2,3,2,114.841908,22.61067494
1162982,42002,2023,1,Sale,House,190,42,5,2,114.6085386,22.88720356
246943,42006,2019,1,Before completion,House,30,51,2,1,114.7610135,22.98639777
318916,42003,2019,1,Sale,Apartment,683,13,1,2,114.2563965,22.07958879
873845,42009,2019,1,Before completion,House,801,34,3,1,114.7562148,22.94834444
335222,42005,2024,3,Before completion,Apartment,377,23,4,1,114.9512429,22.61915635
789748,42012,2019,3,Sale,House,628,63,4,2,114.1612047,22.14045578
455887,42008,2021,2,Sale,House,132,22,4,2,114.9101213,22.1580326
702454,42016,2022,4,Before completion,Apartment,132,29,4,2,114.239436,22.46455988
1163192,42009,2021,1,Sale,Apartment,753,25,2,2,114.8987234,22.28541002
