Land Value,Postal Code,Year,Quarter,Nature of Mutation,Residence Type,Land Area,Living Area,Number of Rooms,Number of Lots
800000,42000,2019,1,Sale,Apartment,300,40,2,1
700000,42001,2019,2,Sale,Apartment,400,30,2,1
617668,42012,2023,3,Before completion,Apartment,228,67,4,2
727959,42008,2019,3,Sale,House,702,5,1,1
511623,42014,2019,3,Before completion,Apartment,889,25,5,2
836802,42017,2020,2,Sale,House,888,42,2,1
871410,42014,2022,4,Sale,House,779,32,1,1
541017,42015,2022,1,Sale,House,255,41,2,1
310941,42003,2019,3,Before completion,House,630,14,2,2
1048937,42002,2021,3,Sale,Apartment,597,65,2,2
1136655,42007,2019,4,Sale,House,671,20,1,1
387532,42015,2020,1,Sale,Apartment,195,51,1,1
1136087,42006,2024,4,Before completion,Apartment,249,44,5,1
610757,42004,2023,3,Before completion,House,323,24,1,1
340374,42004,2024,4,Sale,Apartment,476,41,5,1
481207,42008,2019,3,Before completion,Apartment,795,63,4,2
1131354,42004,2020,1,Before completion,House,899,25,5,2
760411,42014,2024,4,Before completion,Apartment,998,48,1,1
1031961,42016,2024,3,Sale,Apartment,628,12,3,1
482410,42015,2019,4,Sale,Apartment,972,18,4,2
801769,42019,2020,3,Sale,Apartment,138,35,5,1
595753,42008,2019,4,Before completion,Apartment,623,35,3,1
901078,42017,2023,1,Before completion,House,899,36,2,1
918714,42016,2020,3,Sale,House,843,33,5,2
1123778,42003,2024,1,Before completion,House,337,20,1,2
262971,42020,2019,4,Before completion,Apartment,331,58,5,2
529151,42012,2019,4,Before completion,House,494,5,4,2
396574,42001,2023,4,Sale,Apartment,861,64,2,1
1127781,42020,2024,3,Sale,Apartment,281,40,2,1
1043891,42002,2021,1,Sale,Apartment,620,4,5,1
724234,42013,2022,4,Before completion,Apartment,585,30,2,1
858088,42002,2019,1,Sale,House,982,25,5,1
296112,42005,2020,2,Sale,House,321,14,4,2
915196,42015,2023,1,Before completion,Apartment,901,40,4,1
417853,42010,2023,4,Sale,Apartment,26,34,3,2
1076231,42015,2020,3,Sale,Apartment,643,66,3,2
1024319,42018,2024,3,Sale,Apartment,203,63,1,1
383476,42002,2021,2,Sale,Apartment,800,22,3,1
964338,42013,2024,4,Sale,House,678,42,4,2
620982,42001,2020,3,Sale,Apartment,379,7,4,2
207886,42009,2024,4,Before completion,Apartment,770,3,2,2
521525,42004,2022,3,Before completion,House,596,22,4,2
958091,42003,2019,2,Sale,Apartment,223,3,2,2
768887,42001,2020,3,Sale,House,750,43,1,2
1171154,42012,2019,2,Sale,House,899,56,3,1
980671,42009,2023,4,Sale,Apartment,870,1,5,1
822290,42020,2023,3,Sale,Apartment,661,68,4,2
1085774,42001,2022,3,Before completion,House,400,15,4,1
532596,42018,2022,1,Before completion,Apartment,100,47,5,2
1084416,42020,2022,3,Before completion,Apartment,235,58,3,2
1054493,42011,2020,2,Before completion,Apartment,28,12,4,2
363175,42017,2019,4,Before completion,House,125,27,4,2
1117641,42002,2021,1,Sale,House,832,16,4,1
1122462,42019,2019,4,Sale,House,496,18,1,2
1189150,42010,2024,1,Sale,Apartment,205,4,3,2
786931,42012,2023,3,Before completion,Apartment,193,42,3,1
667859,42007,2020,2,Sale,House,583,21,1,2
342891,42012,2024,3,Sale,Apartment,632,14,4,2
654192,42014,2020,2,Before completion,Apartment,164,5,2,2
566863,42001,2024,3,Before completion,House,92,23,2,2
299558,42004,2023,1,Before completion,Apartment,679,64,2,2
597104,42006,2022,1,Before completion,Apartment,797,18,5,1
852127,42014,2021,3,Sale,House,244,19,4,1
481743,42007,2019,2,Before completion,Apartment,97,69,5,1
1197697,42003,2021,3,Before completion,House,748,51,4,1
951686,42007,2023,3,Before completion,House,96,4,5,2
1115991,42002,2021,2,Before completion,Apartment,553,37,5,2
411357,42008,2023,2,Sale,Apartment,892,55,4,1
936484,42015,2024,2,Before completion,House,18,66,1,2
391705,42005,2022,4,Before completion,House,127,54,5,1
343943,42015,2020,3,Sale,Apartment,481,21,2,1
701357,42016,2019,1,Before completion,House,358,10,4,2
613025,42007,2020,4,Sale,House,622,18,2,1
980313,42006,2020,3,Sale,House,696,65,4,1
637963,42004,2020,3,Before completion,House,112,63,1,1
376610,42002,2020,1,Sale,Apartment,955,21,4,2
770755,42003,2019,2,Sale,House,795,62,4,2
1061145,42019,2024,4,Before completion,House,276,12,2,1
347221,42012,2023,3,Before completion,House,887,22,4,2
727548,42001,2022,2,Before completion,Apartment,616,70,4,2
341669,42016,2021,4,Sale,House,800,66,2,2
881284,42014,2024,4,Sale,House,284,61,3,2
942181,42001,2023,1,Sale,Apartment,74,64,2,2
706739,42009,2021,1,Before completion,House,167,10,1,2
692262,42010,2021,2,Sale,Apartment,36,59,4,1
984880,42008,2022,3,Sale,Apartment,393,36,1,1
741074,42016,2022,4,Sale,House,62,25,2,1
679936,42005,2024,2,Sale,House,945,67,1,1
1017487,42006,2024,1,Sale,House,682,38,2,2
913471,42011,2021,4,Sale,Apartment,28,51,5,1
536798,42004,2020,4,Sale,House,162,13,3,2
931992,42001,2019,1,Before completion,Apartment,144,2,2,2
509032,42008,2020,1,Sale,House,399,22,5,2
816824,42018,2023,4,Sale,House,65,48,2,2
1139941,42020,2019,4,Sale,House,775,64,4,1
619205,42014,2019,2,Sale,Apartment,758,8,5,2
462045,42006,2024,2,Before completion,House,777,2,3,1
1196853,42015,2023,4,Sale,Apartment,117,19,5,1
1022192,42009,2022,3,Before completion,Apartment,386,55,3,2
475365,42005,2022,4,Sale,Apartment,68,12,3,1
487725,42016,2022,3,Sale,Apartment,388,20,3,1
938450,42005,2020,2,Sale,House,302,52,3,2
251405,42006,2020,1,Before completion,House,632,2,4,1
203508,42015,2020,4,Sale,Apartment,563,21,3,2
685679,42014,2019,2,Sale,Apartment,947,66,2,1
1063595,42004,2023,3,Sale,Apartment,281,63,4,1
819804,42020,2020,3,Sale,Apartment,901,10,1,2
407307,42009,2022,2,Before completion,House,354,37,1,1
233685,42020,2024,4,Before completion,House,168,23,4,1
846663,42005,2020,4,Before completion,House,285,69,3,1
743572,42012,2020,3,Sale,Apartment,581,35,2,1
566648,42015,2019,4,Sale,Apartment,621,18,4,1
809011,42011,2023,2,Before completion,Apartment,819,29,5,2
207332,42016,2022,3,Before completion,House,138,39,5,1
1125678,42009,2020,3,Before completion,House,246,41,5,1
456687,42001,2019,2,Sale,Apartment,285,58,3,1
812206,42016,2023,4,Sale,House,1,1,5,2
262059,42017,2023,1,Sale,House,488,46,1,1
285330,42008,2020,1,Before completion,House,249,6,1,2
209860,42005,2020,3,Sale,House,57,29,5,2
342060,42019,2022,4,Before completion,Apartment,430,1,5,2
430293,42009,2019,3,Before completion,House,273,50,4,1
871875,42012,2021,3,Sale,Apartment,844,6,2,1
396735,42018,2019,1,Before completion,House,470,60,4,2
1096986,42004,2021,2,Sale,House,178,39,5,2
1068506,42010,2022,1,Before completion,Apartment,370,43,3,2
724491,42016,2022,3,Before completion,Apartment,23,14,1,2
1169457,42017,2019,1,Before completion,House,351,24,4,2
993170,42019,2020,1,Sale,House,374,58,5,1
1175315,42010,2020,2,Before completion,House,922,52,4,2
490191,42009,2020,4,Before completion,House,769,30,1,1
225136,42011,2022,2,Sale,House,656,39,4,1
506077,42017,2019,4,Sale,Apartment,921,60,4,1
433403,42010,2021,1,Before completion,House,451,38,1,1
1199542,42007,2019,1,Sale,House,700,9,5,2
863251,42019,2019,1,Before completion,House,513,2,4,2
887063,42010,2024,3,Before completion,House,912,39,1,1
866930,42010,2021,1,Sale,House,168,18,5,2
222741,42009,2021,4,Before completion,House,558,63,4,1
824778,42017,2019,4,Before completion,House,407,68,5,1
217732,42006,2021,1,Sale,House,8,34,1,1
320690,42012,2020,2,Sale,Apartment,707,69,5,2
1087801,42006,2019,4,Before completion,Apartment,214,68,4,1
855801,42018,2021,3,Sale,House,829,51,5,2
719238,42018,2020,4,Sale,House,972,5,3,2
353483,42005,2021,1,Before completion,Apartment,325,10,2,2
228634,42002,2024,3,Sale,Apartment,402,9,4,2
725780,42010,2022,3,Before completion,House,169,46,1,1
787531,42004,2022,1,Sale,Apartment,188,43,5,2
419085,42004,2022,2,Before completion,House,862,23,3,1
428480,42001,2024,1,Sale,House,592,37,3,1
931616,42016,2021,3,Before completion,Apartment,649,59,3,1
861556,42018,2019,3,Sale,Apartment,456,16,2,1
631747,42003,2019,3,Before completion,House,521,42,4,1
281505,42002,2019,2,Sale,House,204,38,2,1
926185,42019,2023,4,Sale,Apartment,552,53,1,1
480658,42004,2022,4,Sale,Apartment,593,14,1,1
466136,42015,2020,3,Before completion,Apartment,840,59,5,1
1060055,42019,2020,3,Before completion,House,304,20,2,1
755729,42010,2024,3,Before completion,Apartment,797,59,1,2
357068,42020,2024,2,Sale,House,13,44,5,2
769946,42020,2021,2,Before completion,Apartment,643,7,2,1
936589,42003,2023,2,Before completion,House,684,16,2,1
205188,42006,2022,2,Before completion,House,683,31,4,2
849785,42012,2024,4,Sale,Apartment,511,2,2,2
606793,42015,2023,2,Sale,House,448,45,1,2
633544,42010,2021,2,Sale,House,579,62,4,1
628984,42013,2019,3,Before completion,House,742,25,5,1
670948,42003,2021,1,Sale,Apartment,98,59,2,1
551247,42010,2022,1,Before completion,Apartment,548,24,3,2
1186551,42014,2024,1,Before completion,House,55,33,2,2
322041,42008,2024,3,Before completion,Apartment,587,61,4,2
236565,42004,2023,3,Sale,House,175,29,2,1
972064,42018,2022,2,Sale,Apartment,26,49,2,1
210730,42006,2022,3,Before completion,House,338,7,5,2
593659,42019,2021,2,Before completion,House,727,16,5,2
317244,42004,2022,2,Sale,Apartment,125,14,4,2
589312,42012,2021,2,Before completion,Apartment,745,66,4,2
669116,42010,2023,4,Before completion,House,404,68,2,1
416980,42002,2020,3,Before completion,House,66,54,5,1
536960,42011,2024,4,Before completion,Apartment,860,45,5,1
977183,42005,2021,2,Before completion,House,97,23,1,1
753161,42013,2022,3,Before completion,House,447,54,5,2
937099,42003,2022,2,Sale,House,105,2,1,1
791636,42004,2023,1,Before completion,House,138,27,1,2
600047,42010,2022,4,Before completion,House,850,19,5,1
1052477,42005,2021,2,Sale,Apartment,819,27,4,2
269773,42001,2024,3,Before completion,House,255,63,3,2
1151226,42002,2022,4,Sale,House,888,34,4,2
1070449,42016,2022,2,Sale,Apartment,543,22,1,2
1039840,42005,2020,2,Sale,Apartment,480,18,2,1
760849,42006,2021,1,Before completion,House,471,38,4,1
301830,42007,2022,3,Before completion,Apartment,75,67,3,2
1044239,42004,2020,1,Sale,House,315,61,4,1
465153,42020,2021,1,Sale,Apartment,841,54,1,1
764571,42002,2024,1,Sale,House,404,12,1,1
1090187,42003,2019,1,Before completion,Apartment,388,28,2,2
1007184,42018,2023,2,Sale,House,655,37,2,1
247958,42006,2024,4,Before completion,House,469,16,5,1
601926,42010,2023,4,Sale,House,287,51,3,1
659477,42009,2019,3,Sale,Apartment,135,18,3,2
887261,42002,2024,3,Sale,House,228,22,4,1
1080556,42015,2024,2,Sale,Apartment,773,63,2,1
894592,42020,2020,1,Before completion,House,847,61,4,1
806174,42004,2024,3,Before completion,Apartment,82,19,3,2
866132,42013,2021,1,Sale,Apartment,423,29,3,1
855103,42015,2019,2,Sale,Apartment,1000,48,1,1
642341,42010,2023,1,Sale,Apartment,558,7,5,1
1083351,42011,2020,2,Before completion,Apartment,879,28,5,2
635041,42018,2022,2,Before completion,Apartment,730,35,2,1
666433,42008,2023,3,Before completion,House,312,62,5,2
336959,42002,2019,4,Before completion,Apartment,196,24,3,1
839903,42009,2019,2,Before completion,Apartment,360,47,3,2
226184,42003,2020,1,Sale,Apartment,496,62,2,1
787366,42008,2021,2,Sale,Apartment,30,50,5,2
1050067,42017,2023,4,Before completion,House,255,43,3,1
819213,42020,2022,3,Before completion,Apartment,204,18,3,2
947074,42012,2020,4,Before completion,House,973,54,1,2
255229,42020,2022,3,Sale,House,280,40,2,1
913884,42003,2021,3,Before completion,House,107,66,2,1
1061984,42011,2019,4,Before completion,Apartment,902,59,2,1
343869,42005,2023,2,Before completion,House,97,1,5,1
703944,42005,2021,3,Before completion,Apartment,683,50,4,2
575981,42009,2019,4,Sale,House,559,41,4,2
890890,42006,2024,3,Before completion,Apartment,338,57,1,1
626163,42012,2020,4,Sale,Apartment,360,44,2,1
700125,42009,2024,4,Sale,House,588,3,5,1
909278,42004,2021,1,Before completion,House,362,37,4,1
852272,42019,2019,3,Sale,Apartment,51,65,3,1
216130,42002,2021,4,Before completion,House,335,65,5,1
720445,42002,2023,1,Before completion,House,67,8,4,2
486395,42014,2020,3,Sale,Apartment,127,16,2,2
710516,42017,2021,2,Before completion,Apartment,498,13,2,1
883879,42011,2022,3,Sale,Apartment,346,50,2,1
837836,42016,2023,3,Sale,Apartment,310,28,2,1
227674,42001,2022,1,Sale,Apartment,603,53,5,2
510063,42018,2023,2,Before completion,Apartment,755,2,4,2
816395,42003,2024,3,Sale,Apartment,8,11,3,1
405045,42018,2022,1,Before completion,House,737,58,2,1
783000,42016,2024,4,Sale,House,740,38,2,2
918668,42014,2023,4,Before completion,House,360,40,3,1
896723,42001,2021,2,Before completion,Apartment,843,57,1,2
468086,42013,2021,2,Sale,Apartment,130,50,3,1
1005537,42004,2019,4,Before completion,Apartment,825,40,3,1
866792,42010,2022,3,Before completion,Apartment,64,25,2,2
696982,42015,2022,2,Sale,House,481,70,3,2
1113552,42009,2021,2,Before completion,House,296,67,1,2
664090,42014,2021,3,Before completion,Apartment,668,31,2,1
558413,42020,2022,3,Before completion,Apartment,444,27,2,2
620355,42003,2019,1,Before completion,Apartment,250,7,4,2
1130546,42007,2021,4,Sale,Apartment,773,67,2,1
411873,42003,2020,2,Before completion,Apartment,61,47,3,1
218461,42006,2022,3,Sale,Apartment,309,14,3,2
654579,42014,2024,2,Before completion,House,72,44,5,2
597450,42008,2021,2,Sale,House,762,15,3,2
758473,42017,2023,2,Sale,Apartment,58,64,4,2
688868,42014,2019,4,Sale,Apartment,299,34,3,2
712233,42015,2024,4,Before completion,Apartment,157,38,5,2
1062206,42005,2024,3,Sale,House,660,47,3,1
699528,42009,2024,3,Sale,Apartment,494,23,1,1
343846,42017,2023,1,Sale,Apartment,126,60,1,2
657938,42010,2020,4,Before completion,House,509,51,3,1
1070508,42014,2022,1,Sale,Apartment,303,17,4,1
821242,42020,2019,4,Sale,House,296,43,4,2
206167,42020,2019,1,Before completion,House,465,10,4,1
322915,42017,2023,2,Before completion,House,860,15,2,1
425016,42012,2019,1,Sale,House,17,70,2,2
350784,42016,2022,1,Sale,House,55,11,4,2
588067,42018,2019,2,Sale,Apartment,128,14,2,2
250617,42016,2023,2,Sale,Apartment,75,7,1,2
494197,42001,2022,3,Before completion,House,167,62,3,2
1100670,42020,2023,4,Sale,Apartment,414,19,5,1
676529,42018,2024,4,Sale,Apartment,175,5,1,2
588222,42015,2024,1,Sale,House,393,59,4,1
664772,42006,2022,3,Before completion,House,774,15,5,1
787449,42019,2021,4,Before completion,House,241,52,2,2
1113269,42013,2024,1,Before completion,House,525,65,1,1
875277,42010,2023,3,Before completion,House,727,39,4,1
288912,42008,2023,3,Before completion,Apartment,662,54,4,2
863675,42014,2024,4,Sale,House,48,2,4,1
1022653,42014,2020,3,Before completion,Apartment,948,16,4,1
315807,42018,2019,3,Before completion,House,165,35,3,2
326185,42001,2024,1,Before completion,House,364,63,4,2
1001870,42017,2023,4,Before completion,House,462,37,2,1
713117,42004,2024,1,Before completion,House,854,29,1,1
889543,42014,2021,1,Sale,Apartment,259,34,5,1
811583,42006,2020,2,Sale,Apartment,323,70,2,2
625625,42011,2023,3,Sale,Apartment,377,22,2,2
500836,42017,2024,2,Before completion,House,566,6,5,2
215247,42013,2023,2,Before completion,House,741,6,1,1
501672,42003,2022,4,Before completion,House,790,19,1,2
761769,42014,2023,1,Sale,Apartment,389,59,4,1
969455,42003,2021,4,Sale,House,395,6,5,2
311823,42010,2019,4,Before completion,House,485,47,1,2
1030803,42003,2022,1,Before completion,Apartment,666,10,1,2
618033,42020,2019,3,Before completion,Apartment,270,3,2,2
689379,42008,2020,2,Before completion,House,518,19,4,1
597402,42002,2022,4,Before completion,Apartment,77,21,4,1
324216,42008,2020,3,Sale,Apartment,189,4,3,1
998108,42010,2024,2,Sale,House,802,67,3,1
272905,42001,2022,4,Before completion,Apartment,922,70,1,1
427104,42013,2020,3,Before completion,Apartment,351,32,3,2
795415,42002,2023,2,Sale,House,342,68,1,2
786216,42008,2019,4,Sale,House,470,45,3,2
879427,42006,2022,2,Sale,House,695,9,5,1
960235,42012,2024,1,Sale,Apartment,140,28,5,2
547331,42013,2022,3,Sale,House,209,69,1,1
236763,42006,2021,2,Sale,House,550,45,3,1
315731,42007,2020,4,Sale,House,188,4,2,2
886889,42014,2020,1,Before completion,House,278,38,2,1
892821,42003,2024,4,Before completion,Apartment,741,3,4,2
950406,42002,2023,3,Sale,House,930,28,5,1
831817,42002,2021,2,Before completion,Apartment,638,16,2,1
634187,42004,2020,3,Before completion,Apartment,423,56,4,2
328896,42018,2019,1,Before completion,Apartment,698,50,5,1
963995,42012,2024,1,Before completion,House,695,55,5,2
227877,42019,2019,2,Sale,House,731,38,5,1
390465,42007,2022,1,Sale,Apartment,505,47,5,1
1125711,42013,2020,2,Sale,Apartment,213,48,1,1
488861,42012,2023,1,Sale,Apartment,931,36,2,1
691120,42014,2023,4,Sale,Apartment,301,3,1,1
302586,42017,2023,4,Sale,Apartment,535,4,5,2
1035457,42009,2022,3,Before completion,Apartment,382,2,5,1
859487,42003,2021,3,Sale,House,972,34,1,1
981883,42013,2024,1,Before completion,Apartment,203,25,4,2
610688,42015,2024,2,Before completion,House,380,11,2,1
1165129,42013,2023,3,Before completion,Apartment,653,62,2,2
316831,42005,2022,2,Before completion,House,629,34,3,2
561654,42003,2019,1,Before completion,House,555,66,1,2
993150,42007,2024,1,Sale,House,883,15,3,1
1188615,42013,2024,1,Sale,House,480,54,4,2
1089413,42008,2024,2,Before completion,House,934,44,4,2
317562,42020,2021,4,Sale,Apartment,49,54,4,2
368068,42005,2021,4,Sale,Apartment,501,67,1,2
1042293,42017,2021,3,Before completion,Apartment,395,29,1,1
1023339,42017,2021,2,Before completion,House,529,65,2,2
492861,42017,2024,2,Before completion,Apartment,996,66,4,2
1001286,42004,2020,4,Before completion,House,734,13,4,1
220153,42005,2020,4,Sale,Apartment,206,21,1,1
865556,42018,2023,1,Sale,Apartment,430,15,4,1
562422,42004,2024,3,Sale,House,269,1,4,2
1092821,42018,2022,3,Before completion,Apartment,733,13,2,2
388289,42003,2024,2,Before completion,House,986,11,4,1
1119176,42015,2021,2,Sale,Apartment,332,64,3,2
1188895,42019,2020,2,Before completion,Apartment,431,55,1,2
813104,42009,2020,3,Sale,Apartment,79,28,1,1
404045,42020,2020,2,Sale,Apartment,276,64,4,1
1086463,42009,2020,4,Before completion,House,83,24,1,2
919528,42017,2023,4,Sale,Apartment,730,20,3,2
422809,42003,2023,1,Sale,House,403,61,3,1
493016,42016,2020,4,Sale,Apartment,173,2,1,1
1193822,42001,2022,3,Sale,Apartment,85,17,1,2
321508,42007,2023,4,Before completion,House,763,39,1,1
262806,42011,2020,1,Sale,Apartment,450,65,5,1
1186003,42011,2020,1,Sale,House,56,20,5,2
372424,42004,2022,1,Sale,Apartment,908,13,4,1
840649,42005,2021,1,Before completion,Apartment,538,8,5,2
922483,42019,2021,3,Before completion,Apartment,84,7,4,1
1182650,42013,2020,1,Sale,Apartment,735,9,4,2
248674,42009,2023,2,Before completion,House,802,9,4,1
268860,42013,2023,1,Sale,House,37,68,3,2
883217,42011,2023,1,Sale,House,722,39,4,1
779591,42013,2023,2,Sale,Apartment,937,44,2,2
956286,42007,2019,4,Sale,House,878,49,2,2
826133,42003,2020,2,Before completion,Apartment,212,59,5,1
1000417,42016,2020,1,Before completion,Apartment,496,10,5,1
1081762,42002,2021,1,Before completion,Apartment,463,69,5,1
551953,42016,2021,1,Sale,House,698,27,3,2
424201,42013,2022,1,Sale,Apartment,436,37,1,2
252924,42012,2024,3,Sale,Apartment,191,63,1,2
254649,42002,2021,1,Before completion,Apartment,425,13,2,1
481298,42010,2021,3,Before completion,House,143,15,4,2
291520,42019,2024,4,Before completion,Apartment,665,19,2,2
597961,42008,2021,4,Sale,House,817,40,5,1
333261,42015,2023,3,Sale,Apartment,861,49,1,1
426342,42007,2021,3,Before completion,Apartment,599,51,3,2
842081,42019,2024,3,Sale,Apartment,137,4,4,1
513081,42004,2022,4,Sale,House,870,34,2,2
653096,42001,2024,2,Before completion,Apartment,355,5,4,1
402786,42003,2022,3,Sale,House,555,50,4,2
492697,42020,2023,2,Sale,Apartment,725,3,4,2
623542,42007,2020,2,Before completion,House,11,30,5,2
686602,42005,2020,4,Sale,Apartment,965,66,4,2
709845,42012,2023,4,Sale,House,629,3,5,1
591710,42009,2020,2,Sale,Apartment,20,42,1,2
904109,42016,2024,1,Sale,House,690,15,2,2
365082,42005,2019,4,Sale,Apartment,290,47,2,1
888218,42010,2020,1,Sale,House,751,38,5,2
576429,42020,2021,4,Sale,House,263,50,5,1
353314,42017,2021,3,Sale,Apartment,864,1,2,1
413804,42011,2024,1,Before completion,House,564,18,5,1
1137990,42010,2020,1,Before completion,House,615,27,1,1
966710,42020,2022,4,Sale,House,109,45,5,2
451917,42007,2021,4,Before completion,House,671,18,1,1
1016494,42003,2023,4,Sale,House,975,50,3,2
915080,42018,2022,2,Before completion,Apartment,860,27,3,2
1182329,42009,2019,4,Before completion,Apartment,165,16,3,1
679784,42007,2019,1,Sale,Apartment,252,6,2,1
374203,42003,2022,2,Before completion,House,217,38,4,1
449095,42007,2023,1,Sale,House,204,53,4,2
1011882,42014,2020,2,Before completion,House,14,63,4,1
565989,42006,2024,3,Sale,Apartment,577,50,1,2
905259,42014,2022,1,Sale,House,282,61,4,1
583147,42015,2021,2,Before completion,Apartment,590,48,3,2
343334,42008,2022,2,Sale,House,966,47,4,1
298430,42016,2019,4,Before completion,Apartment,130,63,3,1
264027,42012,2024,1,Before completion,Apartment,421,47,2,1
807455,42007,2019,4,Sale,Apartment,112,35,3,2
339547,42017,2022,3,Before completion,House,230,49,5,1
625148,42016,2022,2,Sale,House,900,38,5,1
651189,42014,2019,3,Before completion,House,9,17,4,1
1099141,42013,2021,2,Sale,Apartment,649,53,3,2
760985,42015,2023,2,Sale,House,952,31,1,2
758392,42017,2022,1,Before completion,Apartment,78,12,4,2
909757,42005,2019,3,Sale,House,641,3,4,1
1177801,42018,2021,3,Before completion,House,984,4,1,2
726303,42006,2023,2,Before completion,House,29,66,4,1
1160216,42008,2024,2,Sale,Apartment,603,23,5,1
829394,42020,2024,4,Before completion,Apartment,932,53,2,1
1013725,42003,2022,3,Sale,Apartment,235,11,4,1
1110608,42002,2022,1,Before completion,Apartment,97,32,4,1
443615,42009,2020,3,Before completion,Apartment,766,51,4,1
225969,42016,2020,2,Sale,House,128,2,1,2
535578,42006,2021,1,Sale,House,443,61,4,1
434236,42012,2023,4,Sale,Apartment,430,69,5,2
818821,42005,2023,3,Sale,Apartment,302,30,2,2
1152408,42015,2020,1,Sale,House,432,54,3,1
710399,42016,2023,2,Sale,House,576,53,1,2
485943,42007,2022,2,Before completion,Apartment,913,11,2,1
593178,42004,2023,3,Before completion,Apartment,558,18,3,2
638530,42010,2020,3,Sale,Apartment,581,57,5,1
751550,42017,2019,1,Before completion,House,528,29,4,2
958202,42002,2022,1,Before completion,House,488,8,3,2
464093,42012,2019,3,Before completion,House,455,45,1,1
687654,42002,2023,1,Before completion,House,214,11,3,1
243091,42010,2023,3,Sale,House,349,23,3,1
896163,42010,2024,3,Sale,House,92,3,5,2
1022512,42004,2020,1,Sale,House,552,13,5,1
909462,42008,2023,3,Before completion,House,471,45,1,1
455061,42014,2024,4,Sale,Apartment,520,13,5,2
507547,42003,2019,1,Sale,House,17,46,3,2
1007943,42009,2022,2,Sale,Apartment,798,53,4,1
766025,42014,2022,3,Sale,House,922,35,2,2
582346,42012,2022,2,Sale,House,39,19,3,2
395706,42002,2022,4,Sale,Apartment,121,32,2,2
808795,42013,2019,1,Sale,Apartment,263,47,4,1
373048,42013,2019,4,Sale,House,812,18,4,1
278523,42006,2021,1,Before completion,House,618,46,1,1
253941,42004,2023,1,Sale,Apartment,439,58,2,1
1093625,42006,2023,4,Before completion,House,446,24,1,2
240342,42016,2021,3,Before completion,House,170,49,2,1
1148000,42003,2024,4,Before completion,Apartment,528,51,5,1
1001914,42003,2022,3,Before completion,Apartment,250,51,3,2
274205,42014,2020,3,Sale,Apartment,404,69,2,1
222142,42009,2021,4,Before completion,Apartment,525,28,2,2
1050023,42017,2021,4,Sale,House,840,54,2,1
236448,42003,2021,3,Before completion,House,902,62,2,2
453214,42011,2020,4,Before completion,Apartment,812,70,1,2
395970,42019,2020,3,Sale,House,434,5,2,2
714423,42015,2019,2,Sale,Apartment,774,35,3,1
1066721,42010,2021,4,Sale,House,852,64,4,1
773579,42003,2019,1,Before completion,House,193,30,4,1
225210,42015,2023,1,Before completion,House,141,66,5,2
1105264,42005,2021,4,Sale,House,855,52,4,1
236331,42005,2023,2,Before completion,House,139,46,5,1
232393,42001,2019,4,Before completion,Apartment,561,44,3,1
763621,42009,2022,1,Sale,House,150,33,3,2
408171,42004,2023,2,Before completion,Apartment,512,24,2,1
599999,42009,2021,1,Before completion,Apartment,966,10,5,1
668972,42005,2023,2,Sale,House,10,19,3,2
636229,42017,2021,2,Before completion,Apartment,400,20,1,1
612056,42008,2019,2,Sale,House,872,3,1,2
322816,42020,2021,4,Before completion,House,268,53,3,1
582917,42014,2022,3,Sale,Apartment,717,66,3,1
280098,42019,2021,1,Before completion,Apartment,216,33,2,2
547427,42013,2022,4,Sale,House,580,3,2,2
850676,42017,2019,1,Sale,House,398,56,5,1
293296,42011,2023,1,Before completion,Apartment,489,35,1,2
1132667,42017,2021,4,Before completion,House,350,9,2,1
1176233,42014,2021,4,Sale,House,371,31,4,1
478874,42016,2019,1,Sale,Apartment,367,27,3,2
400102,42006,2022,2,Before completion,Apartment,111,25,1,1
537439,42014,2021,2,Sale,House,507,67,5,1
917015,42020,2019,4,Before completion,House,867,9,4,1
207274,42010,2021,2,Sale,House,761,60,5,2
387613,42002,2019,1,Before completion,House,661,63,3,2
536091,42001,2020,2,Before completion,Apartment,519,11,3,1
675253,42009,2021,1,Sale,Apartment,799,50,5,1
279300,42020,2021,1,Before completion,Apartment,161,36,1,1
1161509,42020,2023,2,Before completion,Apartment,978,15,1,2
926352,42013,2024,2,Before completion,Apartment,287,53,5,1
813399,42013,2023,3,Before completion,House,448,47,1,2
574135,42013,2023,1,Sale,Apartment,458,24,4,1
1142063,42017,2022,2,Before completion,Apartment,366,67,3,2
1112391,42019,2022,2,Sale,Apartment,382,33,4,1
669763,42006,2024,1,Sale,House,638,18,4,2
1115683,42018,2022,4,Sale,House,384,47,4,2
517867,42015,2019,4,Before completion,Apartment,78,20,2,2
318871,42007,2023,1,Before completion,Apartment,19,9,3,1
262035,42001,2023,4,Sale,House,593,43,3,2
373647,42016,2021,2,Before completion,House,59,6,1,2
204434,42003,2021,1,Before completion,Apartment,816,54,5,1
1034206,42002,2020,2,Before completion,House,583,18,3,2
652244,42001,2019,3,Sale,House,531,26,5,2
988074,42011,2023,1,Sale,House,429,22,1,1
1059738,42015,2022,1,Before completion,House,347,66,2,2
1079875,42017,2021,1,Sale,Apartment,664,50,2,2
552148,42002,2019,1,Before completion,Apartment,780,12,2,1
505722,42018,2023,1,Before completion,Apartment,682,50,4,1
454577,42005,2022,4,Before completion,Apartment,644,64,5,1
1042186,42006,2024,1,Before completion,Apartment,115,14,4,1
846789,42002,2022,4,Before completion,House,238,15,2,2
521109,42014,2020,2,Before completion,House,120,61,5,1
402874,42013,2020,4,Sale,House,809,65,1,2
537810,42011,2020,4,Sale,Apartment,253,46,1,2
592449,42009,2022,4,Before completion,Apartment,759,66,1,2
1188338,42007,2020,3,Sale,Apartment,750,40,3,1
813824,42011,2022,3,Sale,Apartment,54,34,3,2
855932,42008,2024,1,Sale,House,200,14,3,2
912145,42017,2022,4,Before completion,Apartment,866,19,5,1
670054,42007,2021,4,Sale,House,481,47,3,2
600885,42012,2024,3,Before completion,Apartment,682,43,3,1
528089,42017,2024,3,Before completion,Apartment,953,13,5,2
888585,42016,2023,3,Sale,House,900,37,2,2
377052,42016,2020,1,Before completion,Apartment,225,15,2,2
1029470,42005,2024,1,Sale,House,529,44,3,2
1141357,42020,2023,4,Before completion,House,749,49,5,1
522691,42010,2020,2,Sale,Apartment,317,3,3,2
952469,42019,2023,1,Before completion,Apartment,364,62,2,1
979979,42006,2019,1,Sale,Apartment,682,25,3,1
1199748,42004,2019,2,Sale,House,552,17,1,1
998716,42017,2022,1,Sale,House,25,18,4,1
628047,42010,2022,4,Sale,House,396,11,1,1
350529,42003,2023,2,Sale,House,632,41,4,2
1148918,42006,2020,3,Before completion,House,849,7,1,1
738038,42016,2021,2,Before completion,Apartment,401,59,2,1
769987,42017,2021,4,Before completion,House,998,57,3,1
1031718,42009,2022,3,Sale,House,740,4,2,1
854585,42020,2021,1,Sale,House,51,35,1,2
911620,42006,2020,2,Sale,Apartment,877,49,5,2
881248,42013,2023,3,Before completion,Apartment,785,42,4,1
1027419,42011,2022,4,Before completion,House,83,55,2,1
1016772,42012,2024,1,Before completion,Apartment,465,32,4,2
1105805,42010,2019,1,Before completion,House,978,5,1,1
268088,42001,2022,4,Sale,Apartment,292,18,3,1
1018459,42020,2020,3,Before completion,House,32,52,3,1
1003663,42006,2024,2,Sale,House,791,14,3,1
721309,42013,2022,3,Sale,Apartment,33,38,2,1
276771,42016,2019,4,Sale,Apartment,295,30,1,1
888526,42008,2023,4,Sale,Apartment,154,23,1,1
930672,42016,2022,1,Sale,House,555,7,2,1
844412,42004,2024,3,Sale,Apartment,834,56,2,2
752674,42001,2023,4,Sale,House,810,2,2,1
1131270,42013,2021,3,Sale,Apartment,765,53,1,1
419664,42006,2020,1,Before completion,House,191,47,5,2
493924,42012,2022,3,Before completion,House,697,62,1,1
405583,42008,2023,2,Before completion,House,524,56,4,2
349464,42006,2024,3,Sale,House,91,53,1,2
940271,42006,2019,2,Sale,House,954,45,4,2
1007979,42015,2021,1,Before completion,House,222,21,2,1
573125,42015,2020,4,Sale,House,709,10,1,1
468695,42015,2023,2,Sale,House,711,59,4,1
603279,42005,2024,2,Before completion,Apartment,285,53,3,1
1121888,42004,2020,4,Before completion,House,547,55,2,2
424814,42014,2021,2,Sale,House,220,27,1,2
715788,42011,2020,4,Sale,House,652,13,1,1
1100759,42005,2024,4,Before completion,Apartment,947,56,3,2
204491,42002,2022,3,Before completion,House,615,38,3,1
1075484,42006,2021,2,Sale,Apartment,860,35,5,2
643424,42014,2022,4,Sale,House,429,39,4,1
1043205,42008,2021,3,Sale,Apartment,185,62,5,2
224191,42007,2019,4,Before completion,Apartment,287,32,1,2
891634,42020,2024,3,Sale,Apartment,793,30,3,2
525613,42014,2019,2,Before completion,House,120,22,4,1
1115908,42017,2020,4,Sale,House,467,5,4,2
653749,42008,2022,4,Sale,Apartment,509,42,1,2
663576,42018,2023,1,Sale,Apartment,494,41,3,2
357862,42001,2023,4,Sale,House,382,11,4,2
815935,42018,2022,4,Before completion,House,992,7,4,1
266942,42008,2020,2,Sale,House,761,38,2,1
960139,42017,2024,4,Sale,Apartment,724,66,1,1
317091,42007,2019,4,Before completion,Apartment,674,42,4,1
358834,42012,2023,4,Sale,Apartment,925,63,3,2
314840,42008,2020,2,Sale,Apartment,671,24,3,1
343504,42008,2022,2,Before completion,Apartment,355,2,2,2
421155,42012,2023,2,Sale,House,590,5,4,2
778282,42010,2022,2,Before completion,House,566,53,1,1
966524,42019,2019,2,Before completion,House,457,17,4,2
932506,42004,2021,3,Before completion,House,390,5,2,1
271607,42005,2023,4,Sale,House,74,39,1,1
265513,42011,2019,4,Sale,House,707,62,3,1
1021178,42006,2020,2,Sale,Apartment,615,7,1,2
276196,42008,2019,2,Sale,House,181,38,1,1
429261,42014,2022,3,Sale,Apartment,857,27,3,2
425894,42010,2024,3,Before completion,House,315,69,5,2
958152,42004,2019,1,Sale,Apartment,649,19,3,2
311569,42004,2023,2,Before completion,House,400,11,4,1
1065475,42015,2024,1,Before completion,Apartment,668,59,3,2
564852,42006,2019,3,Sale,House,137,11,4,2
684078,42018,2020,4,Sale,House,846,63,2,1
437923,42007,2024,4,Sale,House,7,22,1,1
949288,42019,2023,2,Before completion,House,380,46,5,2
628124,42019,2022,2,Before completion,House,342,42,4,2
213963,42008,2021,1,Before completion,Apartment,449,22,3,1
791581,42001,2022,4,Sale,Apartment,403,8,4,1
501360,42006,2024,4,Before completion,House,504,57,3,2
910472,42012,2023,1,Sale,House,268,18,5,1
978948,42002,2024,1,Before completion,House,757,12,4,1
844622,42008,2024,1,Before completion,Apartment,52,57,2,2
1052674,42001,2020,4,Before completion,Apartment,495,7,4,1
212824,42016,2019,2,Before completion,House,25,9,2,2
307334,42014,2024,4,Sale,Apartment,752,24,4,1
921344,42007,2019,3,Sale,Apartment,96,66,1,2
727145,42015,2021,2,Sale,House,909,23,4,1
637014,42008,2022,3,Before completion,Apartment,101,50,2,2
643060,42018,2021,2,Before completion,House,700,11,3,1
984379,42020,2020,3,Before completion,House,373,23,2,1
582281,42009,2020,4,Before completion,Apartment,689,30,3,2
1097240,42005,2021,4,Sale,Apartment,287,21,1,1
556889,42001,2020,2,Before completion,Apartment,214,39,5,1
464943,42004,2024,3,Before completion,House,905,29,5,2
401749,42001,2022,3,Sale,Apartment,604,21,1,2
730976,42008,2023,4,Sale,Apartment,754,47,1,1
381337,42019,2020,1,Before completion,House,700,64,5,2
1106396,42020,2020,1,Before completion,Apartment,361,18,3,2
234402,42005,2022,3,Sale,House,57,53,2,2
860073,42017,2020,2,Sale,House,910,30,2,1
421391,42010,2024,4,Sale,Apartment,829,44,3,1
712915,42009,2023,4,Sale,House,991,16,5,1
499890,42007,2022,2,Before completion,House,220,63,2,1
520604,42005,2023,4,Sale,House,21,42,2,1
991844,42018,2024,1,Sale,House,777,8,4,1
512822,42006,2020,4,Sale,House,122,29,3,1
262635,42010,2024,2,Sale,House,464,57,3,2
426565,42012,2024,2,Before completion,House,660,50,2,2
980584,42002,2024,1,Sale,Apartment,299,8,2,1
206941,42009,2024,2,Before completion,Apartment,955,53,5,2
223207,42005,2019,3,Sale,Apartment,550,8,4,1
547023,42003,2022,4,Sale,House,38,25,5,1
357904,42018,2024,2,Sale,House,99,26,2,1
456092,42003,2020,2,Before completion,House,392,47,4,2
926444,42009,2019,4,Before completion,Apartment,49,41,1,1
511631,42008,2022,3,Sale,Apartment,615,32,3,1
1056443,42009,2020,1,Before completion,House,520,17,2,1
780913,42020,2020,4,Before completion,Apartment,37,6,2,1
1022537,42018,2019,1,Before completion,Apartment,412,13,5,1
903030,42002,2024,1,Before completion,House,181,68,3,2
825592,42008,2020,2,Before completion,House,574,28,4,2
333588,42014,2023,1,Sale,House,70,52,1,1
432146,42001,2022,1,Sale,House,374,22,1,1
339145,42010,2020,1,Before completion,Apartment,784,44,1,2
667593,42016,2022,2,Sale,Apartment,467,3,5,1
697802,42017,2021,2,Before completion,House,455,8,5,1
410521,42014,2022,3,Before completion,Apartment,369,7,3,2
1141513,42015,2022,1,Before completion,Apartment,369,3,4,2
662684,42013,2022,1,Before completion,House,82,11,2,1
465761,42018,2021,1,Before completion,House,303,33,1,1
236726,42008,2022,1,Before completion,Apartment,646,63,1,2
1137191,42014,2023,1,Before completion,House,247,50,5,2
1168733,42010,2024,3,Sale,Apartment,53,56,1,1
952745,42017,2023,3,Sale,House,438,36,5,2
338006,42011,2024,2,Before completion,House,304,19,4,1
695880,42011,2024,3,Before completion,Apartment,21,9,2,1
243152,42014,2022,4,Sale,Apartment,759,19,4,2
760385,42004,2022,4,Before completion,House,771,7,2,1
688073,42015,2020,1,Before completion,House,639,21,2,1
597103,42005,2023,1,Before completion,House,967,48,1,2
656644,42006,2020,2,Sale,Apartment,362,43,1,2
1040039,42010,2023,1,Before completion,House,999,60,2,2
1077798,42003,2019,4,Before completion,Apartment,897,10,5,2
1071268,42016,2020,1,Sale,Apartment,171,27,1,2
925349,42015,2024,4,Sale,House,472,5,3,2
1046701,42011,2023,1,Before completion,House,733,63,4,1
1184556,42017,2020,2,Before completion,Apartment,228,30,4,1
812716,42018,2023,3,Before completion,House,971,10,1,1
915854,42012,2023,3,Before completion,Apartment,233,47,1,1
366084,42017,2021,1,Before completion,House,843,22,3,2
997025,42002,2021,3,Sale,Apartment,53,2,4,1
535010,42002,2019,2,Before completion,Apartment,310,65,2,2
1193639,42013,2022,1,Before completion,House,852,7,2,2
525492,42009,2020,3,Sale,House,70,68,4,2
383939,42009,2024,1,Sale,House,20,4,3,2
720030,42001,2019,1,Before completion,Apartment,204,66,4,1
298909,42011,2020,2,Sale,Apartment,925,17,2,2
426311,42002,2022,2,Sale,House,420,3,3,2
679636,42020,2022,1,Sale,House,76,2,4,1
433816,42007,2021,3,Sale,Apartment,743,60,1,1
1029430,42001,2019,2,Before completion,Apartment,123,25,5,1
861657,42018,2020,4,Before completion,Apartment,652,14,1,2
226449,42003,2021,3,Sale,House,337,8,1,1
217923,42001,2024,1,Sale,Apartment,660,48,5,2
864923,42009,2019,1,Sale,Apartment,71,1,2,1
226210,42005,2019,4,Sale,House,265,23,1,1
617532,42005,2021,4,Sale,Apartment,341,51,5,2
836404,42001,2019,3,Before completion,Apartment,560,28,4,1
632635,42016,2024,1,Before completion,Apartment,995,3,4,2
219951,42013,2019,4,Before completion,Apartment,188,25,2,1
1168736,42018,2020,2,Sale,House,949,12,2,2
274965,42017,2023,3,Sale,House,845,36,4,1
275690,42015,2020,1,Sale,Apartment,378,11,3,2
243289,42014,2021,4,Before completion,Apartment,232,66,4,1
687705,42018,2022,2,Before completion,House,222,27,1,1
450980,42002,2019,1,Sale,House,981,18,1,1
295621,42014,2020,1,Sale,Apartment,490,33,5,1
1111512,42014,2019,1,Sale,Apartment,47,47,5,1
913518,42003,2019,1,Before completion,House,536,58,5,1
911136,42011,2021,1,Sale,Apartment,120,54,1,1
482724,42007,2024,2,Sale,Apartment,495,64,2,2
1094847,42012,2020,3,Sale,House,477,24,1,1
905296,42008,2023,4,Sale,Apartment,12,16,1,2
555073,42011,2022,2,Sale,Apartment,67,45,2,1
612548,42009,2020,2,Sale,Apartment,520,31,3,2
779124,42019,2024,2,Before completion,Apartment,904,53,1,2
673248,42016,2019,4,Before completion,Apartment,695,14,1,1
457338,42007,2020,2,Sale,Apartment,342,3,4,1
1015623,42008,2023,3,Before completion,House,268,41,5,2
294519,42014,2022,2,Sale,House,439,21,3,1
560912,42003,2019,2,Before completion,Apartment,770,48,3,1
1037052,42015,2019,3,Before completion,House,722,54,2,2
578082,42003,2023,4,Before completion,House,707,22,4,1
230736,42007,2022,4,Sale,Apartment,452,41,4,1
867635,42018,2019,4,Before completion,Apartment,570,35,4,2
635417,42017,2023,1,Before completion,Apartment,116,11,4,2
1072400,42010,2019,3,Before completion,Apartment,378,67,4,2
648940,42015,2019,1,Before completion,House,629,57,1,2
548086,42006,2023,2,Sale,Apartment,151,2,5,1
237778,42014,2020,3,Before completion,House,228,7,5,2
325948,42012,2024,3,Sale,Apartment,998,34,4,1
1039408,42005,2020,4,Before completion,Apartment,242,34,2,1
742227,42013,2022,3,Before completion,House,69,55,3,1
652490,42014,2020,2,Before completion,Apartment,656,15,3,1
1145771,42004,2022,4,Before completion,House,438,9,3,2
384401,42009,2023,3,Before completion,Apartment,593,28,4,1
395040,42001,2021,4,Before completion,Apartment,632,23,2,2
850181,42008,2021,4,Sale,House,755,43,4,2
540769,42005,2024,4,Before completion,House,709,57,1,2
1083212,42006,2022,2,Sale,Apartment,425,12,3,2
383808,42020,2020,1,Sale,House,530,30,5,1
519881,42014,2020,3,Sale,Apartment,722,15,3,2
377206,42014,2024,2,Before completion,House,16,44,3,1
718219,42001,2024,4,Sale,Apartment,3,51,5,2
582259,42005,2024,1,Before completion,Apartment,78,16,5,2
1109199,42015,2020,3,Sale,Apartment,712,60,3,2
580211,42015,2021,3,Before completion,House,998,6,5,1
1135650,42013,2020,2,Before completion,House,661,8,3,1
527403,42005,2021,2,Before completion,House,241,23,2,2
377152,42011,2024,2,Sale,House,883,10,1,1
481336,42020,2022,2,Before completion,House,477,52,3,1
819036,42004,2019,4,Sale,Apartment,633,53,3,1
391301,42014,2020,3,Before completion,House,829,20,1,1
400616,42019,2023,2,Sale,House,274,55,5,2
1088730,42012,2019,1,Sale,Apartment,984,32,2,2
1091106,42002,2022,4,Sale,House,838,46,5,2
1164976,42015,2019,4,Sale,Apartment,797,68,4,2
1148208,42007,2019,1,Sale,House,931,18,2,2
411325,42004,2021,2,Before completion,House,68,18,3,1
671482,42020,2023,4,Sale,House,711,12,3,1
1188035,42008,2023,4,Sale,House,6,44,1,1
537324,42019,2022,1,Sale,Apartment,680,12,1,1
665759,42017,2022,2,Before completion,House,143,24,1,1
1132319,42016,2020,4,Before completion,House,661,28,4,2
713202,42002,2019,1,Sale,House,963,21,5,2
212947,42009,2021,3,Sale,House,37,45,4,2
515866,42014,2022,1,Before completion,Apartment,520,26,5,2
850117,42016,2022,1,Before completion,Apartment,34,4,1,1
238617,42016,2022,3,Sale,Apartment,502,42,5,1
1034776,42001,2023,2,Sale,Apartment,211,15,2,1
1179644,42020,2022,4,Sale,Apartment,177,40,4,1
603713,42009,2022,1,Before completion,House,292,33,5,2
892148,42019,2021,4,Before completion,Apartment,559,58,4,1
889054,42006,2023,4,Sale,House,996,50,2,2
537486,42017,2020,2,Before completion,Apartment,249,29,5,2
298832,42005,2021,4,Before completion,House,667,12,3,2
601295,42010,2021,4,Sale,Apartment,490,6,3,2
816536,42003,2022,1,Before completion,Apartment,372,21,4,2
1109980,42017,2019,3,Sale,Apartment,830,46,2,1
597667,42006,2020,1,Before completion,Apartment,830,39,4,1
245401,42009,2021,1,Sale,Apartment,40,5,1,2
768104,42006,2023,4,Before completion,Apartment,867,64,3,2
1153806,42016,2024,1,Sale,House,871,26,1,2
747019,42006,2019,1,Before completion,Apartment,134,33,3,2
1027760,42007,2021,1,Before completion,Apartment,446,39,5,2
311120,42011,2020,1,Sale,House,248,37,3,1
784232,42018,2021,1,Sale,House,674,25,5,2
820055,42019,2023,3,Before completion,Apartment,218,26,1,2
809347,42008,2024,4,Sale,Apartment,483,52,5,1
1009113,42006,2020,1,Sale,House,489,49,5,2
301988,42015,2024,2,Sale,House,270,66,4,2
493519,42011,2024,1,Before completion,House,779,4,4,1
203375,42005,2022,1,Sale,Apartment,228,50,5,1
420509,42006,2022,3,Sale,House,883,55,2,2
615676,42016,2024,2,Before completion,House,539,21,2,1
339546,42003,2022,2,Sale,Apartment,983,66,2,1
1188509,42001,2022,4,Before completion,House,651,40,5,1
672273,42020,2021,4,Sale,Apartment,231,14,5,2
393650,42019,2023,4,Sale,Apartment,817,14,2,1
348241,42019,2022,2,Before completion,Apartment,194,14,4,1
1162863,42008,2021,3,Sale,House,276,8,2,2
874430,42017,2020,4,Sale,Apartment,821,51,2,1
850130,42012,2024,1,Sale,Apartment,271,8,1,2
642852,42011,2020,3,Sale,Apartment,202,59,4,1
219342,42015,2019,1,Before completion,Apartment,606,32,1,1
912249,42015,2021,1,Before completion,Apartment,115,12,3,2
996480,42014,2021,2,Before completion,House,206,31,5,2
389361,42013,2023,1,Before completion,House,381,27,5,1
679101,42011,2021,2,Before completion,Apartment,204,48,2,2
657750,42001,2022,1,Sale,House,47,67,1,2
319356,42010,2023,2,Before completion,Apartment,364,3,4,2
521398,42007,2022,2,Before completion,Apartment,667,34,3,2
1136747,42003,2024,1,Before completion,House,275,27,2,2
307436,42017,2019,2,Before completion,House,606,69,4,1
762618,42019,2023,3,Before completion,Apartment,254,15,3,1
320044,42015,2023,3,Sale,House,310,33,5,2
431596,42004,2019,3,Sale,Apartment,237,53,4,2
809978,42011,2024,3,Sale,Apartment,540,24,3,2
687650,42016,2022,3,Sale,House,175,33,3,1
1167022,42012,2024,4,Sale,Apartment,290,66,4,1
1148666,42007,2021,3,Sale,Apartment,756,29,4,2
933170,42009,2020,4,Sale,Apartment,191,45,2,1
303457,42019,2024,3,Sale,House,824,67,3,2
333580,42015,2022,4,Before completion,Apartment,218,63,2,2
400339,42011,2023,4,Sale,Apartment,381,17,4,1
750736,42008,2024,2,Before completion,House,663,5,3,2
377087,42017,2023,1,Before completion,Apartment,180,65,3,1
749320,42001,2024,2,Sale,Apartment,12,22,2,2
701212,42011,2019,2,Before completion,Apartment,40,30,5,2
1071088,42015,2022,2,Before completion,Apartment,982,64,4,2
446156,42007,2023,3,Before completion,Apartment,453,66,4,1
640844,42008,2023,1,Before completion,House,107,15,2,2
874370,42011,2023,2,Before completion,Apartment,71,8,2,2
241649,42003,2021,2,Before completion,Apartment,910,17,3,1
1133570,42009,2021,1,Sale,Apartment,340,32,1,2
500218,42001,2024,3,Sale,House,720,27,4,2
935682,42002,2020,2,Sale,Apartment,107,8,5,1
845608,42004,2019,3,Before completion,Apartment,366,16,2,1
355381,42018,2021,1,Before completion,House,441,70,2,1
696925,42003,2022,4,Before completion,Apartment,621,23,2,2
583218,42019,2021,2,Sale,House,673,62,1,2
761476,42016,2019,4,Before completion,Apartment,28,11,4,1
300836,42018,2022,3,Before completion,Apartment,625,65,5,1
943124,42017,2019,4,Before completion,House,670,15,5,1
403564,42019,2019,2,Before completion,Apartment,42,49,2,1
515668,42004,2022,1,Sale,Apartment,957,66,5,1
707580,42003,2023,2,Before completion,House,442,50,3,1
682823,42001,2021,2,Before completion,House,617,69,2,2
232195,42002,2019,1,Before completion,Apartment,882,3,5,2
1035543,42014,2024,3,Before completion,House,195,32,4,1
990374,42002,2023,1,Sale,House,119,12,3,2
682261,42006,2024,4,Sale,Apartment,813,18,5,1
688623,42011,2020,4,Sale,Apartment,925,4,4,1
555516,42008,2021,3,Before completion,House,730,21,2,2
694587,42007,2021,1,Before completion,House,719,5,3,2
370946,42004,2021,2,Sale,Apartment,463,34,5,2
1091365,42004,2021,1,Sale,Apartment,784,48,1,2
744219,42020,2020,2,Before completion,Apartment,111,35,2,1
1150935,42003,2024,4,Sale,Apartment,288,62,5,2
1128608,42001,2024,1,Sale,House,219,15,3,1
407343,42005,2021,4,Before completion,Apartment,441,22,1,2
1108262,42012,2019,4,Before completion,Apartment,932,9,1,1
510640,42004,2023,2,Before completion,Apartment,558,61,5,2
846611,42001,2024,2,Before completion,Apartment,810,29,2,1
1037588,42003,2023,4,Before completion,Apartment,14,63,3,1
944526,42014,2020,1,Before completion,Apartment,899,65,5,1
492521,42007,2022,2,Before completion,House,83,38,2,1
553407,42015,2024,4,Before completion,House,795,8,5,1
851242,42019,2019,1,Sale,House,811,4,1,2
629194,42006,2021,1,Before completion,House,860,42,4,2
1113079,42002,2019,1,Before completion,Apartment,569,43,4,1
1114639,42018,2019,2,Sale,House,129,44,4,2
851331,42002,2019,1,Before completion,Apartment,365,12,2,1
202440,42002,2021,1,Sale,House,485,46,3,1
584183,42002,2019,1,Sale,House,330,14,2,2
1128033,42001,2020,2,Before completion,Apartment,334,8,1,2
972150,42018,2022,4,Before completion,House,805,36,4,2
953011,42020,2022,2,Before completion,Apartment,994,7,1,1
453212,42017,2021,3,Before completion,Apartment,801,12,1,1
270818,42006,2021,4,Before completion,House,11,30,3,2
1019822,42013,2021,3,Sale,House,309,52,4,2
850072,42007,2019,1,Before completion,House,575,55,2,1
653019,42008,2023,1,Before completion,Apartment,7,17,4,1
1088741,42018,2022,3,Sale,Apartment,722,16,2,2
865673,42014,2022,3,Before completion,Apartment,117,27,1,2
588267,42010,2023,1,Sale,House,406,38,2,2
825206,42004,2022,4,Sale,House,30,7,2,1
279714,42017,2019,2,Sale,Apartment,401,19,1,2
1026283,42014,2024,4,Before completion,Apartment,716,62,1,1
666121,42016,2024,3,Before completion,Apartment,709,38,3,2
491024,42007,2021,3,Sale,Apartment,248,28,1,1
775740,42016,2019,2,Sale,House,42,7,2,1
338011,42009,2020,2,Before completion,Apartment,750,54,4,2
775488,42018,2020,1,Before completion,House,36,31,4,2
1117591,42003,2022,1,Sale,House,492,8,1,1
1158756,42017,2019,4,Before completion,House,993,20,1,1
426303,42012,2021,1,Before completion,Apartment,203,37,3,1
1077102,42015,2023,3,Before completion,House,348,50,2,1
588772,42012,2021,4,Before completion,House,556,53,2,2
665836,42015,2024,3,Sale,Apartment,256,21,2,1
724117,42005,2023,2,Before completion,Apartment,762,55,3,1
494772,42008,2024,1,Sale,House,987,22,4,2
537453,42014,2019,4,Before completion,Apartment,513,14,2,1
876165,42011,2023,1,Sale,House,924,52,3,2
726790,42017,2019,3,Sale,House,742,35,2,1
817113,42013,2022,1,Sale,House,47,55,5,2
961001,42020,2021,2,Sale,House,701,64,2,1
220458,42009,2021,1,Before completion,Apartment,855,14,4,2
961411,42001,2020,4,Sale,Apartment,10,39,5,1
605025,42019,2021,2,Before completion,House,736,42,2,2
572256,42002,2023,1,Sale,Apartment,88,23,2,1
447774,42017,2022,2,Sale,House,183,61,1,2
426582,42007,2021,1,Before completion,Apartment,22,37,4,1
655705,42006,2019,1,Before completion,House,322,33,2,2
457333,42013,2020,3,Sale,House,876,57,1,1
493876,42020,2023,3,Before completion,House,209,4,2,2
848931,42012,2020,2,Before completion,House,388,41,1,1
791432,42019,2020,1,Before completion,House,378,39,4,2
1076541,42018,2019,1,Sale,Apartment,856,66,2,1
265778,42010,2020,2,Sale,Apartment,202,23,3,2
732162,42002,2021,4,Sale,Apartment,638,16,1,1
737771,42009,2023,3,Sale,Apartment,249,14,1,2
517369,42020,2020,4,Before completion,House,303,4,2,1
401062,42009,2023,4,Before completion,House,501,37,5,2
522123,42004,2024,2,Before completion,Apartment,927,9,1,2
815840,42001,2019,3,Sale,Apartment,751,37,4,2
472953,42018,2019,4,Sale,House,665,42,4,2
1180621,42016,2022,2,Sale,Apartment,570,10,4,1
1065996,42006,2023,4,Before completion,Apartment,265,46,4,2
531800,42014,2024,1,Before completion,House,814,3,4,2
956783,42001,2020,4,Before completion,Apartment,770,70,5,1
978560,42015,2024,3,Sale,House,393,6,1,2
660769,42018,2023,3,Sale,Apartment,274,5,3,2
350228,42011,2022,2,Before completion,House,165,55,4,1
610706,42008,2023,2,Before completion,House,733,36,5,1
522899,42004,2020,4,Sale,House,631,59,4,1
964055,42020,2023,2,Before completion,Apartment,39,58,1,1
1186459,42014,2023,2,Sale,House,957,45,4,2
212618,42013,2022,4,Sale,House,435,65,3,2
1093963,42012,2021,2,Sale,House,937,57,5,2
260805,42017,2019,4,Sale,House,32,36,3,1
371401,42012,2021,2,Before completion,Apartment,776,8,5,1
720414,42003,2020,2,Sale,Apartment,673,44,5,1
1181083,42016,2019,4,Sale,Apartment,215,37,5,2
1038951,42007,2021,4,Before completion,Apartment,362,59,5,2
1038753,42015,2020,3,Sale,Apartment,540,20,2,1
1106390,42007,2019,3,Before completion,Apartment,678,48,4,2
394174,42005,2020,2,Before completion,Apartment,681,7,4,2
243123,42014,2023,3,Before completion,House,608,45,5,2
830521,42020,2022,1,Sale,House,608,65,4,2
704677,42012,2022,3,Sale,House,98,52,3,1
225880,42012,2020,1,Sale,Apartment,646,34,4,2
1195494,42017,2020,3,Sale,Apartment,715,36,3,1
471992,42013,2024,4,Before completion,House,953,54,1,2
688700,42019,2023,1,Sale,Apartment,346,6,1,2
1145282,42007,2019,4,Sale,Apartment,534,70,4,1
525359,42018,2023,2,Sale,House,882,22,3,1
740941,42004,2019,3,Sale,Apartment,566,22,1,1
335667,42006,2024,3,Before completion,House,702,24,1,1
241238,42003,2023,4,Sale,House,604,47,3,2
383059,42019,2023,2,Sale,House,138,58,2,1
769797,42019,2020,4,Sale,House,262,7,1,2
314771,42016,2023,2,Sale,House,777,21,5,1
616040,42014,2024,4,Sale,Apartment,60,52,5,1
895176,42012,2021,1,Sale,House,810,35,5,1
1170321,42004,2024,3,Before completion,Apartment,160,54,4,2
1075772,42003,2023,4,Sale,House,617,4,4,1
1120176,42016,2020,4,Before completion,Apartment,879,51,5,1
1073236,42001,2022,3,Sale,Apartment,274,28,4,1
1123534,42002,2021,3,Sale,House,997,8,5,1
885193,42018,2023,4,Before completion,House,442,9,1,1
740088,42003,2019,3,Sale,Apartment,785,32,2,1
687297,42016,2020,2,Before completion,House,464,19,1,1
991554,42004,2020,3,Sale,Apartment,700,13,4,1
937411,42018,2022,3,Before completion,Apartment,406,45,2,2
417859,42014,2022,1,Before completion,Apartment,513,49,1,2
1036589,42015,2020,4,Sale,Apartment,837,59,5,1
1001877,42015,2021,3,Sale,House,181,28,1,2
940656,42001,2021,3,Before completion,House,305,1,4,2
908586,42017,2024,3,Sale,Apartment,416,35,3,2
869463,42006,2022,3,Sale,Apartment,328,54,3,1
613511,42006,2024,2,Before completion,House,841,63,4,2
597812,42011,2020,3,Sale,Apartment,850,46,4,2
940247,42009,2019,2,Sale,Apartment,535,26,2,1
277176,42007,2023,4,Sale,Apartment,767,14,5,1
1103134,42004,2021,4,Before completion,Apartment,605,38,4,2
584042,42020,2022,3,Before completion,House,635,40,3,2
287200,42008,2019,1,Before completion,Apartment,548,8,5,2
701688,42003,2019,3,Sale,House,371,53,1,1
420405,42007,2023,4,Before completion,Apartment,687,27,1,1
631246,42007,2023,1,Sale,Apartment,543,61,1,1
527881,42005,2024,2,Before completion,Apartment,613,42,3,2
774821,42004,2022,1,Sale,Apartment,752,2,3,2
1162982,42002,2023,1,Sale,House,190,42,5,2
246943,42006,2019,1,Before completion,House,30,51,2,1
318916,42003,2019,1,Sale,Apartment,683,13,1,2
873845,42009,2019,1,Before completion,House,801,34,3,1
335222,42005,2024,3,Before completion,Apartment,377,23,4,1
789748,42012,2019,3,Sale,House,628,63,4,2
455887,42008,2021,2,Sale,House,132,22,4,2
702454,42016,2022,4,Before completion,Apartment,132,29,4,2
1163192,42009,2021,1,Sale,Apartment,753,25,2,2
